screen_name,created_at,id,id_str,text,full_text,truncated,entities,source,in_reply_to_status_id,in_reply_to_status_id_str,in_reply_to_user_id,in_reply_to_user_id_str,in_reply_to_screen_name,geo,coordinates,place,contributors,is_quote_status,retweet_count,favorite_count,favorited,favorited_by,retweeted,scopes,lang,possibly_sensitive,display_text_width,display_text_range,retweeted_status,quoted_status,quoted_status_id,quoted_status_id_str,quoted_status_permalink,quote_count,timestamp_ms,reply_count,filter_level,metadata,query,withheld_scope,withheld_copyright,withheld_in_countries,possibly_sensitive_appealable
nayibbukele,2023-02-04T23:10:51Z,1.62201E+18,1.62201E+18,"¬øQu√© dir√°n los medios internacionales, organismos, gobiernos y ONGs que los tomaban como fuente fidedigna de lo que estaba pasando en El Salvador, ahora que ellos mismos han aceptado que el Gobierno dec√≠a la verdad y que ellos ment√≠an?

¬øSer√° que les creer√°n su pr√≥xima mentira? https://t.co/j1ULNttPAX","¬øQu√© dir√°n los medios internacionales, organismos, gobiernos y ONGs que los tomaban como fuente fidedigna de lo que estaba pasando en El Salvador, ahora que ellos mismos han aceptado que el Gobierno dec√≠a la verdad y que ellos ment√≠an?

¬øSer√° que les creer√°n su pr√≥xima mentira? https://t.co/j1ULNttPAX",FALSE,,"<a href=""http://twitter.com/download/iphone"" rel=""nofollow"">Twitter for iPhone</a>",1.62201E+18,1.62201E+18,20736511,20736511,nayibbukele,,,,NA,FALSE,189,678,FALSE,NA,FALSE,NA,es,FALSE,NA,278,NA,,NA,NA,,NA,NA,NA,NA,NA,NA,NA,NA,NA,NA
nayibbukele,2023-02-04T22:55:27Z,1.62201E+18,1.62201E+18,"Ya no pod√≠an sostener la mentira de que El Salvador continuaba siendo un pa√≠s peligroso, ni continuar negando el √©xito total del R√©gimen de Excepci√≥n.

Han decidido replantearse su rol, atacar√°n desde otros √°ngulos, tratar√°n de levantar otros temas.
https://t.co/7pPKrqwxte","Ya no pod√≠an sostener la mentira de que El Salvador continuaba siendo un pa√≠s peligroso, ni continuar negando el √©xito total del R√©gimen de Excepci√≥n.

Han decidido replantearse su rol, atacar√°n desde otros √°ngulos, tratar√°n de levantar otros temas.
https://t.co/7pPKrqwxte",FALSE,,"<a href=""http://twitter.com/download/iphone"" rel=""nofollow"">Twitter for iPhone</a>",1.622E+18,1.622E+18,20736511,20736511,nayibbukele,,,,NA,FALSE,236,971,FALSE,NA,FALSE,NA,es,FALSE,NA,273,NA,,NA,NA,,NA,NA,NA,NA,NA,NA,NA,NA,NA,NA
nayibbukele,2023-02-04T22:51:38Z,1.622E+18,1.622E+18,"Esto tiene un nombre: ¬°CAPITULACI√ìN!

La oposici√≥n salvadore√±a, sus gremiales, sus medios, sus ONGs, sus expertos; todos salieron ayer, al UN√çSONO, aceptando el √©xito total de nuestra guerra contra pandillas.

Es claro que es una estrategia, pero no deja de ser una capitulaci√≥n. https://t.co/JtqHpc8eEX","Esto tiene un nombre: ¬°CAPITULACI√ìN!

La oposici√≥n salvadore√±a, sus gremiales, sus medios, sus ONGs, sus expertos; todos salieron ayer, al UN√çSONO, aceptando el √©xito total de nuestra guerra contra pandillas.

Es claro que es una estrategia, pero no deja de ser una capitulaci√≥n. https://t.co/JtqHpc8eEX",FALSE,,"<a href=""http://twitter.com/download/iphone"" rel=""nofollow"">Twitter for iPhone</a>",NA,NA,NA,NA,NA,,,,NA,TRUE,477,1970,FALSE,NA,FALSE,NA,es,FALSE,NA,279,NA,,1.62166E+18,1.62166E+18,,NA,NA,NA,NA,NA,NA,NA,NA,NA,NA
nayibbukele,2023-02-04T02:18:27Z,1.62169E+18,1.62169E+18,"¬øY esto es de El Faro? 

Claramente, los resultados INNEGABLES en seguridad los hicieron cambiar de estrategia üòÇ https://t.co/T0Te8Kc21i","¬øY esto es de El Faro? 

Claramente, los resultados INNEGABLES en seguridad los hicieron cambiar de estrategia üòÇ https://t.co/T0Te8Kc21i",FALSE,,"<a href=""http://twitter.com/download/iphone"" rel=""nofollow"">Twitter for iPhone</a>",1.62169E+18,1.62169E+18,20736511,20736511,nayibbukele,,,,NA,TRUE,599,3040,FALSE,NA,FALSE,NA,es,FALSE,NA,112,NA,,1.62166E+18,1.62166E+18,,NA,NA,NA,NA,NA,NA,NA,NA,NA,NA
nayibbukele,2023-02-04T02:10:30Z,1.62169E+18,1.62169E+18,¬øEn serio esto lo escribi√≥ @VozdeAmerica? https://t.co/Bau0Zd5sbh,¬øEn serio esto lo escribi√≥ @VozdeAmerica? https://t.co/Bau0Zd5sbh,FALSE,,"<a href=""http://twitter.com/download/iphone"" rel=""nofollow"">Twitter for iPhone</a>",NA,NA,NA,NA,NA,,,,NA,TRUE,925,5246,FALSE,NA,FALSE,NA,es,FALSE,NA,41,NA,,1.62158E+18,1.62158E+18,,NA,NA,NA,NA,NA,NA,NA,NA,NA,NA
nayibbukele,2023-02-03T21:58:28Z,1.62163E+18,1.62163E+18,"Esto no es un impuesto, es pr√°cticamente un intento de suplantar uno de los cobros m√°s famosos que hac√≠an las pandillas.

Los alcaldes que no retiren este cobro ilegal y no emitan una disculpa p√∫blica en la pr√≥xima hora, ser√°n arrestados por extorsi√≥n. https://t.co/TvQcOSltie","Esto no es un impuesto, es pr√°cticamente un intento de suplantar uno de los cobros m√°s famosos que hac√≠an las pandillas.

Los alcaldes que no retiren este cobro ilegal y no emitan una disculpa p√∫blica en la pr√≥xima hora, ser√°n arrestados por extorsi√≥n. https://t.co/TvQcOSltie",FALSE,,"<a href=""http://twitter.com/download/iphone"" rel=""nofollow"">Twitter for iPhone</a>",NA,NA,NA,NA,NA,,,,NA,TRUE,5107,25720,FALSE,NA,FALSE,NA,es,FALSE,NA,252,NA,,1.62148E+18,1.62148E+18,,NA,NA,NA,NA,NA,NA,NA,NA,NA,NA
nayibbukele,2023-02-03T19:19:21Z,1.62159E+18,1.62159E+18,"Hace 4 a√±os, luego de que anularan varias veces nuestra candidatura, logramos lo que dec√≠an que era imposible: destruir al bipartidismo que se reparti√≥ nuestro pa√≠s en los falsos ‚Äúacuerdos de paz‚Äù.

Fue entonces cuando iniciamos nuestro verdadero camino‚Ä¶

¬°Feliz 3 de febrero! https://t.co/nV5r1rFAFH","Hace 4 a√±os, luego de que anularan varias veces nuestra candidatura, logramos lo que dec√≠an que era imposible: destruir al bipartidismo que se reparti√≥ nuestro pa√≠s en los falsos ‚Äúacuerdos de paz‚Äù.

Fue entonces cuando iniciamos nuestro verdadero camino‚Ä¶

¬°Feliz 3 de febrero! https://t.co/nV5r1rFAFH",FALSE,,"<a href=""http://twitter.com/download/iphone"" rel=""nofollow"">Twitter for iPhone</a>",NA,NA,NA,NA,NA,,,,NA,FALSE,3572,20769,FALSE,NA,FALSE,NA,es,FALSE,NA,276,NA,,NA,NA,,NA,NA,NA,NA,NA,NA,NA,NA,NA,NA
nayibbukele,2023-02-02T06:07:09Z,1.62103E+18,1.62103E+18,"Febrero cierra su primer d√≠a con 0 homicidios en El Salvador, el pa√≠s m√°s seguro de Am√©rica. https://t.co/u2MkbJl0DA","Febrero cierra su primer d√≠a con 0 homicidios en El Salvador, el pa√≠s m√°s seguro de Am√©rica. https://t.co/u2MkbJl0DA",FALSE,,"<a href=""http://twitter.com/download/iphone"" rel=""nofollow"">Twitter for iPhone</a>",NA,NA,NA,NA,NA,,,,NA,TRUE,2338,16776,FALSE,NA,FALSE,NA,es,FALSE,NA,92,NA,,1.62103E+18,1.62103E+18,,NA,NA,NA,NA,NA,NA,NA,NA,NA,NA
nayibbukele,2023-02-02T02:17:51Z,1.62097E+18,1.62097E+18,"El Salvador ha logrado pasar de ser el pa√≠s m√°s inseguro del mundo, al pa√≠s m√°s seguro de Am√©rica.

¬øC√≥mo lo logramos?

Metiendo a los criminales en la c√°rcel.

¬øHay espacio?

Ahora s√≠.

¬øPodr√°n dar √≥rdenes desde adentro?

No.

¬øPodr√°n escapar?

No.

Una obra de¬†sentido¬†com√∫n. https://t.co/WXiYohGkd4","El Salvador ha logrado pasar de ser el pa√≠s m√°s inseguro del mundo, al pa√≠s m√°s seguro de Am√©rica.

¬øC√≥mo lo logramos?

Metiendo a los criminales en la c√°rcel.

¬øHay espacio?

Ahora s√≠.

¬øPodr√°n dar √≥rdenes desde adentro?

No.

¬øPodr√°n escapar?

No.

Una obra de¬†sentido¬†com√∫n. https://t.co/WXiYohGkd4",FALSE,,"<a href=""https://studio.twitter.com"" rel=""nofollow"">Twitter Media Studio</a>",NA,NA,NA,NA,NA,,,,NA,FALSE,14877,65942,FALSE,NA,FALSE,NA,es,FALSE,NA,277,NA,,NA,NA,,NA,NA,NA,NA,NA,NA,NA,NA,NA,NA
nayibbukele,2023-02-01T14:23:06Z,1.62079E+18,1.62079E+18,"Ayer inauguramos el Centro de Confinamiento del Terrorismo‚Ä¶

Una gigantesca obra realizada en tan solo 7 meses, y que adem√°s es una pieza fundamental para ganar por completo la guerra contra pandillas.

https://t.co/TSCkfl41EY","Ayer inauguramos el Centro de Confinamiento del Terrorismo‚Ä¶

Una gigantesca obra realizada en tan solo 7 meses, y que adem√°s es una pieza fundamental para ganar por completo la guerra contra pandillas.

https://t.co/TSCkfl41EY",FALSE,,"<a href=""http://twitter.com/download/iphone"" rel=""nofollow"">Twitter for iPhone</a>",NA,NA,NA,NA,NA,,,,NA,FALSE,3327,14523,FALSE,NA,FALSE,NA,es,FALSE,NA,226,NA,,NA,NA,,NA,NA,NA,NA,NA,NA,NA,NA,NA,NA
nayibbukele,2023-02-01T06:04:30Z,1.62066E+18,1.62066E+18,"El Salvador cierra el mes de enero de 2023 con una tasa anualizada por debajo de 2 homicidios por cada 100,000 habitantes.

La tasa de homicidios m√°s baja de todo el continente americano. https://t.co/jdUh2yy9bQ","El Salvador cierra el mes de enero de 2023 con una tasa anualizada por debajo de 2 homicidios por cada 100,000 habitantes.

La tasa de homicidios m√°s baja de todo el continente americano. https://t.co/jdUh2yy9bQ",FALSE,,"<a href=""http://twitter.com/download/iphone"" rel=""nofollow"">Twitter for iPhone</a>",NA,NA,NA,NA,NA,,,,NA,TRUE,2102,11929,FALSE,NA,FALSE,NA,es,FALSE,NA,187,NA,,1.62066E+18,1.62066E+18,,NA,NA,NA,NA,NA,NA,NA,NA,NA,NA
nayibbukele,2023-02-01T02:37:07Z,1.62E+18,1.62061E+18,El dinero alcanza cuando nadie roba‚Ä¶,El dinero alcanza cuando nadie roba‚Ä¶,FALSE,,"<a href=""http://twitter.com/download/iphone"" rel=""nofollow"">Twitter for iPhone</a>",NA,NA,NA,NA,NA,,,,NA,FALSE,21782,97951,FALSE,NA,FALSE,NA,es,NA,NA,36,NA,,NA,NA,,NA,NA,NA,NA,NA,NA,NA,NA,NA,NA
nayibbukele,2023-02-01T02:00:15Z,1.6206E+18,1.6206E+18,Centro de Confinamiento del Terrorismo https://t.co/TSCkfl41EY,Centro de Confinamiento del Terrorismo https://t.co/TSCkfl41EY,FALSE,,"<a href=""https://studio.twitter.com"" rel=""nofollow"">Twitter Media Studio</a>",NA,NA,NA,NA,NA,,,,NA,FALSE,3354,9281,FALSE,NA,FALSE,NA,es,FALSE,NA,62,NA,,NA,NA,,NA,NA,NA,NA,NA,NA,NA,NA,NA,NA
nayibbukele,2023-01-31T23:16:01Z,1.62056E+18,1.62056E+18,"Est√°n todos invitados a sintonizar la Cadena Nacional de Radio y Televisi√≥n.

Hoy martes 31 de enero a las 8pm, hora de El Salvador.

O en estos horarios, seg√∫n su ubicaci√≥n:
Pacifico 6:00pm
Centro 8:00pm
Costa Este 9:00pm

Pueden verla aqu√≠, en¬†Twitter Live.","Est√°n todos invitados a sintonizar la Cadena Nacional de Radio y Televisi√≥n.

Hoy martes 31 de enero a las 8pm, hora de El Salvador.

O en estos horarios, seg√∫n su ubicaci√≥n:
Pacifico 6:00pm
Centro 8:00pm
Costa Este 9:00pm

Pueden verla aqu√≠, en¬†Twitter Live.",FALSE,,"<a href=""https://mobile.twitter.com"" rel=""nofollow"">Twitter Web App</a>",NA,NA,NA,NA,NA,,,,NA,FALSE,993,6266,FALSE,NA,FALSE,NA,es,NA,NA,259,NA,,NA,NA,,NA,NA,NA,NA,NA,NA,NA,NA,NA,NA
nayibbukele,2023-01-31T12:53:56Z,1.62041E+18,1.62041E+18,"Est√°n invitados a sintonizar la Cadena Nacional de Radio y Televisi√≥n.

Hoy martes 31 de enero, a las 8pm.

Todos los canales y emisoras de nuestro pa√≠s deben enlazarse a la se√±al piloto.

Tambi√©n podr√°n verla aqu√≠, en Twitter Live. https://t.co/cubJewcKZw","Est√°n invitados a sintonizar la Cadena Nacional de Radio y Televisi√≥n.

Hoy martes 31 de enero, a las 8pm.

Todos los canales y emisoras de nuestro pa√≠s deben enlazarse a la se√±al piloto.

Tambi√©n podr√°n verla aqu√≠, en Twitter Live. https://t.co/cubJewcKZw",FALSE,,"<a href=""http://twitter.com/download/iphone"" rel=""nofollow"">Twitter for iPhone</a>",NA,NA,NA,NA,NA,,,,NA,FALSE,2124,9542,FALSE,NA,FALSE,NA,es,FALSE,NA,232,NA,,NA,NA,,NA,NA,NA,NA,NA,NA,NA,NA,NA,NA
nayibbukele,2023-01-30T02:33:26Z,1.62E+18,1.61989E+18,"Para ser como ustedes, tenemos que hacer lo que ustedes hacen, no lo que ustedes dicen‚Ä¶

To be like you, we have to do what you do, not what you tell us to do‚Ä¶ https://t.co/QfSo3MKkyD","Para ser como ustedes, tenemos que hacer lo que ustedes hacen, no lo que ustedes dicen‚Ä¶

To be like you, we have to do what you do, not what you tell us to do‚Ä¶ https://t.co/QfSo3MKkyD",FALSE,,"<a href=""https://studio.twitter.com"" rel=""nofollow"">Twitter Media Studio</a>",NA,NA,NA,NA,NA,,,,NA,FALSE,9656,38200,FALSE,NA,FALSE,NA,en,FALSE,NA,159,NA,,NA,NA,,NA,NA,NA,NA,NA,NA,NA,NA,NA,NA
nayibbukele,2023-01-30T00:37:23Z,1.62E+18,1.61986E+18,"@WilliamSorianoH ¬°La mayor alegr√≠a del mundo!

Que Dios bendiga y proteja a Diego y que lo gu√≠e siempre por el camino correcto.","@WilliamSorianoH ¬°La mayor alegr√≠a del mundo!

Que Dios bendiga y proteja a Diego y que lo gu√≠e siempre por el camino correcto.",FALSE,,"<a href=""http://twitter.com/download/iphone"" rel=""nofollow"">Twitter for iPhone</a>",1.61985E+18,1.61985E+18,1.13532E+18,1.13532E+18,WilliamSorianoH,,,,NA,FALSE,165,2629,FALSE,NA,FALSE,NA,es,NA,NA,127,NA,,NA,NA,,NA,NA,NA,NA,NA,NA,NA,NA,NA,NA
nayibbukele,2023-01-30T00:33:39Z,1.61986E+18,1.61986E+18,Ï†úÍ∞Ä ÏûëÏÑ±Ìïú Ïóò ÏÇ¥Î∞îÎèÑÎ•¥Ïùò ÎπÑÌä∏ÏΩîÏù∏ Ï±ÑÌÉùÏóê ÎåÄÌïú Í∏∞Í≥†Î¨∏ÏûÖÎãàÎã§. ÏÑ∏Í≥ÑÏóêÏÑú Í∞ÄÏû• ÏïÑÎ¶ÑÎã§Ïö¥ Ïñ∏Ïñ¥ Ï§ë ÌïòÎÇòÎ°ú Ïì∞Ïó¨Ï°åÏäµÎãàÎã§: https://t.co/ECfownnMKK,Ï†úÍ∞Ä ÏûëÏÑ±Ìïú Ïóò ÏÇ¥Î∞îÎèÑÎ•¥Ïùò ÎπÑÌä∏ÏΩîÏù∏ Ï±ÑÌÉùÏóê ÎåÄÌïú Í∏∞Í≥†Î¨∏ÏûÖÎãàÎã§. ÏÑ∏Í≥ÑÏóêÏÑú Í∞ÄÏû• ÏïÑÎ¶ÑÎã§Ïö¥ Ïñ∏Ïñ¥ Ï§ë ÌïòÎÇòÎ°ú Ïì∞Ïó¨Ï°åÏäµÎãàÎã§: https://t.co/ECfownnMKK,FALSE,,"<a href=""http://twitter.com/download/iphone"" rel=""nofollow"">Twitter for iPhone</a>",NA,NA,NA,NA,NA,,,,NA,TRUE,802,4970,FALSE,NA,FALSE,NA,ko,FALSE,NA,64,NA,,1.61935E+18,1.61935E+18,,NA,NA,NA,NA,NA,NA,NA,NA,NA,NA
nayibbukele,2023-01-29T06:14:15Z,1.61958E+18,1.61958E+18,"De continuar con esta tendencia, El Salvador cerrar√≠a el 2023 con una tasa de 1.80 homicidios por cada 100,000 habitantes.

La tasa m√°s baja de Am√©rica, por debajo de la de Canad√°. https://t.co/o6hL157keF","De continuar con esta tendencia, El Salvador cerrar√≠a el 2023 con una tasa de 1.80 homicidios por cada 100,000 habitantes.

La tasa m√°s baja de Am√©rica, por debajo de la de Canad√°. https://t.co/o6hL157keF",FALSE,,"<a href=""http://twitter.com/download/iphone"" rel=""nofollow"">Twitter for iPhone</a>",NA,NA,NA,NA,NA,,,,NA,TRUE,2385,12777,FALSE,NA,FALSE,NA,es,FALSE,NA,180,NA,,1.62E+18,1.61958E+18,,NA,NA,NA,NA,NA,NA,NA,NA,NA,NA
nayibbukele,2023-01-26T21:44:23Z,1.61873E+18,1.61873E+18,"Et tu, @FRANCE24? https://t.co/IzSdFNl41N","Et tu, @FRANCE24? https://t.co/IzSdFNl41N",FALSE,,"<a href=""http://twitter.com/download/iphone"" rel=""nofollow"">Twitter for iPhone</a>",NA,NA,NA,NA,NA,,,,NA,FALSE,746,3923,FALSE,NA,FALSE,NA,fr,FALSE,NA,41,NA,,NA,NA,,NA,NA,NA,NA,NA,NA,NA,NA,NA,NA
nayibbukele,2023-01-26T06:13:37Z,1.61849E+18,1.61849E+18,"Cerramos el d√≠a #25 del 2023, y El Salvador contin√∫a con la tasa de homicidios m√°s baja de Latinoam√©rica.

Seguimos‚Ä¶

#GuerraContraPandillas https://t.co/iomzmBAeKY","Cerramos el d√≠a #25 del 2023, y El Salvador contin√∫a con la tasa de homicidios m√°s baja de Latinoam√©rica.

Seguimos‚Ä¶

#GuerraContraPandillas https://t.co/iomzmBAeKY",FALSE,,"<a href=""http://twitter.com/download/iphone"" rel=""nofollow"">Twitter for iPhone</a>",NA,NA,NA,NA,NA,,,,NA,TRUE,1086,6470,FALSE,NA,FALSE,NA,es,FALSE,NA,140,NA,,1.62E+18,1.61849E+18,,NA,NA,NA,NA,NA,NA,NA,NA,NA,NA
nayibbukele,2023-01-24T23:26:10Z,1.61803E+18,1.61803E+18,Waiting for @FitchRatings to downgrade El Salvador‚Äôs credit rating because we bought a #Bitcoin cake üòÖ https://t.co/V1DsZoRwSy,Waiting for @FitchRatings to downgrade El Salvador‚Äôs credit rating because we bought a #Bitcoin cake üòÖ https://t.co/V1DsZoRwSy,FALSE,,"<a href=""http://twitter.com/download/iphone"" rel=""nofollow"">Twitter for iPhone</a>",NA,NA,NA,NA,NA,,,,NA,TRUE,997,7571,FALSE,NA,FALSE,NA,en,FALSE,NA,102,NA,,1.61799E+18,1.61799E+18,,NA,NA,NA,NA,NA,NA,NA,NA,NA,NA
nayibbukele,2023-01-24T20:32:52Z,1.62E+18,1.61798E+18,"Yesterday, El Salvador demonstrated that the big media, the ‚Äúexperts‚Äù, the financial analysts and the credit rating agencies, shamelessly lie to the people, their audiences and their clients.

The next time they say anything, remember that. https://t.co/Lb2uDPlYxr","Yesterday, El Salvador demonstrated that the big media, the ‚Äúexperts‚Äù, the financial analysts and the credit rating agencies, shamelessly lie to the people, their audiences and their clients.

The next time they say anything, remember that. https://t.co/Lb2uDPlYxr",FALSE,,"<a href=""http://twitter.com/download/iphone"" rel=""nofollow"">Twitter for iPhone</a>",NA,NA,NA,NA,NA,,,,NA,TRUE,1610,7357,FALSE,NA,FALSE,NA,en,FALSE,NA,240,NA,,1.6177E+18,1.6177E+18,,NA,NA,NA,NA,NA,NA,NA,NA,NA,NA
nayibbukele,2023-01-24T20:11:35Z,1.61798E+18,1.61798E+18,"Ayer, El Salvador demostr√≥ que los grandes medios de comunicaci√≥n, los ‚Äúexpertos‚Äù, los analistas financieros y las agencias calificadoras de riesgo, le mienten descaradamente a la poblaci√≥n, a sus audiencias y a sus clientes.

La pr√≥xima vez que afirmen algo, recuerden eso. https://t.co/Lb2uDPlYxr","Ayer, El Salvador demostr√≥ que los grandes medios de comunicaci√≥n, los ‚Äúexpertos‚Äù, los analistas financieros y las agencias calificadoras de riesgo, le mienten descaradamente a la poblaci√≥n, a sus audiencias y a sus clientes.

La pr√≥xima vez que afirmen algo, recuerden eso. https://t.co/Lb2uDPlYxr",FALSE,,"<a href=""http://twitter.com/download/iphone"" rel=""nofollow"">Twitter for iPhone</a>",NA,NA,NA,NA,NA,,,,NA,TRUE,1856,7843,FALSE,NA,FALSE,NA,es,FALSE,NA,274,NA,,1.6177E+18,1.6177E+18,,NA,NA,NA,NA,NA,NA,NA,NA,NA,NA
nayibbukele,2023-01-24T01:45:19Z,1.6177E+18,1.6177E+18,"Well, we just paid in full, 800 million dollars plus interest.

But of course, almost nobody is covering the story.

I just found one, yes ONE, in spanish, from Colombia https://t.co/PcRES3poE1

They lie and lie and lie, and when their lies are exposed, they go on silence mode.","Well, we just paid in full, 800 million dollars plus interest.

But of course, almost nobody is covering the story.

I just found one, yes ONE, in spanish, from Colombia https://t.co/PcRES3poE1

They lie and lie and lie, and when their lies are exposed, they go on silence mode.",FALSE,,"<a href=""http://twitter.com/download/iphone"" rel=""nofollow"">Twitter for iPhone</a>",1.6177E+18,1.6177E+18,20736511,20736511,nayibbukele,,,,NA,FALSE,3438,15713,FALSE,NA,FALSE,NA,en,FALSE,NA,278,NA,,NA,NA,,NA,NA,NA,NA,NA,NA,NA,NA,NA,NA
nayibbukele,2023-01-24T01:38:56Z,1.6177E+18,1.6177E+18,"Full page spreads on the @nytimes and all, creating the narrative that El Salvador was broke and going to default.

I called them out at the time, but of course, who was going to believe us and not every international news outlet and their ‚Äúeconomic geniuses‚Äù? https://t.co/a3YCZUjRg2","Full page spreads on the @nytimes and all, creating the narrative that El Salvador was broke and going to default.

I called them out at the time, but of course, who was going to believe us and not every international news outlet and their ‚Äúeconomic geniuses‚Äù? https://t.co/a3YCZUjRg2",FALSE,,"<a href=""http://twitter.com/download/iphone"" rel=""nofollow"">Twitter for iPhone</a>",1.62E+18,1.6177E+18,20736511,20736511,nayibbukele,,,,NA,TRUE,1057,6329,FALSE,NA,FALSE,NA,en,FALSE,NA,260,NA,,1.54522E+18,1.54522E+18,,NA,NA,NA,NA,NA,NA,NA,NA,NA,NA
nayibbukele,2023-01-24T01:32:49Z,1.62E+18,1.6177E+18,"They all said that without striking an @IMFNews deal, we were going to be unable to pay our 2023 bond because our ‚Äú#Bitcoin losses‚Äù.

I have the receipts‚Ä¶ https://t.co/exbQxjdEj4

https://t.co/1Hl4pRoBkh

https://t.co/xcMehNGPZM

https://t.co/gVK8Jlp3Vq

https://t.co/qpyz1tDd00","They all said that without striking an @IMFNews deal, we were going to be unable to pay our 2023 bond because our ‚Äú#Bitcoin losses‚Äù.

I have the receipts‚Ä¶ https://t.co/exbQxjdEj4

https://t.co/1Hl4pRoBkh

https://t.co/xcMehNGPZM

https://t.co/gVK8Jlp3Vq

https://t.co/qpyz1tDd00",FALSE,,"<a href=""http://twitter.com/download/iphone"" rel=""nofollow"">Twitter for iPhone</a>",1.6177E+18,1.6177E+18,20736511,20736511,nayibbukele,,,,NA,FALSE,790,4778,FALSE,NA,FALSE,NA,en,FALSE,NA,278,NA,,NA,NA,,NA,NA,NA,NA,NA,NA,NA,NA,NA,NA
nayibbukele,2023-01-24T01:26:54Z,1.6177E+18,1.6177E+18,"In the past year, almost every legacy international news outlet said that because of our ‚Äú#Bitcoin bet‚Äù, El Salvador was going to default on its debt by January 2023 (since we had an 800 million dollar bond maturing today).

Literally, hundreds of articles https://t.co/rEiK7K13U4","In the past year, almost every legacy international news outlet said that because of our ‚Äú#Bitcoin bet‚Äù, El Salvador was going to default on its debt by January 2023 (since we had an 800 million dollar bond maturing today).

Literally, hundreds of articles https://t.co/rEiK7K13U4",FALSE,,"<a href=""http://twitter.com/download/iphone"" rel=""nofollow"">Twitter for iPhone</a>",NA,NA,NA,NA,NA,,,,NA,FALSE,4747,21960,FALSE,NA,FALSE,NA,en,FALSE,NA,280,NA,,NA,NA,,NA,NA,NA,NA,NA,NA,NA,NA,NA,NA
nayibbukele,2023-01-22T04:40:48Z,1.61702E+18,1.61702E+18,Êñ∞Âπ¥Âø´‰πêüê∞,Êñ∞Âπ¥Âø´‰πêüê∞,FALSE,,"<a href=""http://twitter.com/download/iphone"" rel=""nofollow"">Twitter for iPhone</a>",NA,NA,NA,NA,NA,,,,NA,FALSE,1103,12976,FALSE,NA,FALSE,NA,zh,NA,NA,5,NA,,NA,NA,,NA,NA,NA,NA,NA,NA,NA,NA,NA,NA
nayibbukele,2023-01-20T01:57:34Z,1.61625E+18,1.61625E+18,"El Estado debe ser fuerte en el combate al crimen, pero tambi√©n debe brindar las oportunidades para que los buenos ciudadanos puedan desarrollar todo su potencial. https://t.co/UnxO5NeF8k","El Estado debe ser fuerte en el combate al crimen, pero tambi√©n debe brindar las oportunidades para que los buenos ciudadanos puedan desarrollar todo su potencial. https://t.co/UnxO5NeF8k",FALSE,,"<a href=""https://studio.twitter.com"" rel=""nofollow"">Twitter Media Studio</a>",NA,NA,NA,NA,NA,,,,NA,FALSE,5122,21986,FALSE,NA,FALSE,NA,es,FALSE,NA,163,NA,,NA,NA,,NA,NA,NA,NA,NA,NA,NA,NA,NA,NA
nayibbukele,2023-01-19T02:03:52Z,1.61589E+18,1.61589E+18,"Cuando un gobierno no combate efectivamente la criminalidad, no es porque no tenga la capacidad de hacerlo, sino porque los c√≥mplices de los criminales son los que est√°n en el gobierno.","Cuando un gobierno no combate efectivamente la criminalidad, no es porque no tenga la capacidad de hacerlo, sino porque los c√≥mplices de los criminales son los que est√°n en el gobierno.",FALSE,,"<a href=""http://twitter.com/download/iphone"" rel=""nofollow"">Twitter for iPhone</a>",NA,NA,NA,NA,NA,,,,NA,FALSE,47505,140618,FALSE,NA,FALSE,NA,es,NA,NA,185,NA,,NA,NA,,NA,NA,NA,NA,NA,NA,NA,NA,NA,NA
nayibbukele,2023-01-18T21:33:07Z,1.61582E+18,1.61582E+18,üëÄ https://t.co/NiHHSmVOGa,üëÄ https://t.co/NiHHSmVOGa,FALSE,,"<a href=""http://twitter.com/download/iphone"" rel=""nofollow"">Twitter for iPhone</a>",NA,NA,NA,NA,NA,,,,NA,TRUE,1269,8632,FALSE,NA,FALSE,NA,art,FALSE,NA,1,NA,,1.61575E+18,1.61575E+18,,NA,NA,NA,NA,NA,NA,NA,NA,NA,NA
nayibbukele,2023-01-18T20:06:54Z,1.6158E+18,1.6158E+18,El Salvador no ser√° refugio de criminales. https://t.co/xbhl2V0UlL,El Salvador no ser√° refugio de criminales. https://t.co/xbhl2V0UlL,FALSE,,"<a href=""http://twitter.com/download/iphone"" rel=""nofollow"">Twitter for iPhone</a>",NA,NA,NA,NA,NA,,,,NA,TRUE,4742,23642,FALSE,NA,FALSE,NA,es,FALSE,NA,42,NA,,1.61579E+18,1.61579E+18,,NA,NA,NA,NA,NA,NA,NA,NA,NA,NA
nayibbukele,2023-01-17T01:28:21Z,1.61516E+18,1.61516E+18,üß¢ https://t.co/gABjiZxq9W,üß¢ https://t.co/gABjiZxq9W,FALSE,,"<a href=""http://twitter.com/download/iphone"" rel=""nofollow"">Twitter for iPhone</a>",NA,NA,NA,NA,NA,,,,NA,FALSE,1922,32534,FALSE,NA,FALSE,NA,und,FALSE,NA,1,NA,,NA,NA,,NA,NA,NA,NA,NA,NA,NA,NA,NA,NA
nayibbukele,2023-01-15T04:28:21Z,1.61E+18,1.61448E+18,Reacci√≥n en Telemundo üá∏üáª https://t.co/5wxpFJoFws,Reacci√≥n en Telemundo üá∏üáª https://t.co/5wxpFJoFws,FALSE,,"<a href=""http://twitter.com/download/iphone"" rel=""nofollow"">Twitter for iPhone</a>",1.61448E+18,1.61448E+18,20736511,20736511,nayibbukele,,,,NA,FALSE,3053,18149,FALSE,NA,FALSE,NA,es,FALSE,NA,24,NA,,NA,NA,,NA,NA,NA,NA,NA,NA,NA,NA,NA,NA
nayibbukele,2023-01-15T04:14:23Z,1.61448E+18,1.61448E+18,"See you soon‚Ä¶

Nos vemos pronto‚Ä¶

@MissUniverseüí´üá∏üáª https://t.co/JYMsdQYbzA","See you soon‚Ä¶

Nos vemos pronto‚Ä¶

@MissUniverseüí´üá∏üáª https://t.co/JYMsdQYbzA",FALSE,,"<a href=""http://twitter.com/download/iphone"" rel=""nofollow"">Twitter for iPhone</a>",NA,NA,NA,NA,NA,,,,NA,FALSE,7675,42961,FALSE,NA,FALSE,NA,en,FALSE,NA,50,NA,,NA,NA,,NA,NA,NA,NA,NA,NA,NA,NA,NA,NA
nayibbukele,2023-01-14T02:58:38Z,1.61409E+18,1.61409E+18,Wake up and smell the coffee‚Ä¶,Wake up and smell the coffee‚Ä¶,FALSE,,"<a href=""http://twitter.com/download/iphone"" rel=""nofollow"">Twitter for iPhone</a>",NA,NA,NA,NA,NA,,,,NA,FALSE,1441,14838,FALSE,NA,FALSE,NA,en,NA,NA,29,NA,,NA,NA,,NA,NA,NA,NA,NA,NA,NA,NA,NA,NA
nayibbukele,2023-01-13T03:23:08Z,1.61E+18,1.61374E+18,AI Layla üëÄ https://t.co/hzFJBnhmEG,AI Layla üëÄ https://t.co/hzFJBnhmEG,FALSE,,"<a href=""http://twitter.com/download/iphone"" rel=""nofollow"">Twitter for iPhone</a>",NA,NA,NA,NA,NA,,,,NA,FALSE,1144,16305,FALSE,NA,FALSE,NA,it,FALSE,NA,10,NA,,NA,NA,,NA,NA,NA,NA,NA,NA,NA,NA,NA,NA
nayibbukele,2023-01-13T01:46:22Z,1.61371E+18,1.61371E+18,"General tourist permits in El Salvador have just been extended from 90 days to 180 days üá∏üáª

Los permisos generales de turismo en El Salvador acaban de ser ampliados de 90 a 180 d√≠as üá∏üáª","General tourist permits in El Salvador have just been extended from 90 days to 180 days üá∏üáª

Los permisos generales de turismo en El Salvador acaban de ser ampliados de 90 a 180 d√≠as üá∏üáª",FALSE,,"<a href=""http://twitter.com/download/iphone"" rel=""nofollow"">Twitter for iPhone</a>",NA,NA,NA,NA,NA,,,,NA,FALSE,1786,12753,FALSE,NA,FALSE,NA,es,NA,NA,184,NA,,NA,NA,,NA,NA,NA,NA,NA,NA,NA,NA,NA,NA
nayibbukele,2023-01-11T21:25:21Z,1.61329E+18,1.61329E+18,"El Salvador‚Äôs Legislative Assembly has just approved, by an overwhelming majority, the new Digital Securities Law!

Forward, always forward‚Ä¶

More information on this threadüëáüèº https://t.co/8C21ZilyVP","El Salvador‚Äôs Legislative Assembly has just approved, by an overwhelming majority, the new Digital Securities Law!

Forward, always forward‚Ä¶

More information on this threadüëáüèº https://t.co/8C21ZilyVP",FALSE,,"<a href=""http://twitter.com/download/iphone"" rel=""nofollow"">Twitter for iPhone</a>",NA,NA,NA,NA,NA,,,,NA,TRUE,1273,5927,FALSE,NA,FALSE,NA,en,FALSE,NA,175,NA,,1.61324E+18,1.61324E+18,,NA,NA,NA,NA,NA,NA,NA,NA,NA,NA
nayibbukele,2023-01-11T00:56:51Z,1.61E+18,1.61298E+18,"Cabe mencionar que la anterior pintura amarilla fue colocada por una orden del Ministerio de Cultura del gobierno anterior, quienes insist√≠an que ese era el color original (as√≠ como obligaron a pintar de verde los barandales del Palacio¬†Nacional). https://t.co/pvLmDP74Hl","Cabe mencionar que la anterior pintura amarilla fue colocada por una orden del Ministerio de Cultura del gobierno anterior, quienes insist√≠an que ese era el color original (as√≠ como obligaron a pintar de verde los barandales del Palacio¬†Nacional). https://t.co/pvLmDP74Hl",FALSE,,"<a href=""https://mobile.twitter.com"" rel=""nofollow"">Twitter Web App</a>",1.61E+18,1.61298E+18,20736511,20736511,nayibbukele,,,,NA,FALSE,418,3140,FALSE,NA,FALSE,NA,es,FALSE,NA,247,NA,,NA,NA,,NA,NA,NA,NA,NA,NA,NA,NA,NA,NA
nayibbukele,2023-01-11T00:56:49Z,1.61E+18,1.61298E+18,"‚úÖ Mejoramiento de tecnolog√≠a
‚úÖ Reparaci√≥n el√©ctrica, lum√≠nica y del equipo t√©cnico del espacio
‚úÖ Nueva iluminaci√≥n arquitect√≥nica https://t.co/vsi24Ux9z3","‚úÖ Mejoramiento de tecnolog√≠a
‚úÖ Reparaci√≥n el√©ctrica, lum√≠nica y del equipo t√©cnico del espacio
‚úÖ Nueva iluminaci√≥n arquitect√≥nica https://t.co/vsi24Ux9z3",FALSE,,"<a href=""https://mobile.twitter.com"" rel=""nofollow"">Twitter Web App</a>",1.61E+18,1.61298E+18,20736511,20736511,nayibbukele,,,,NA,FALSE,410,3251,FALSE,NA,FALSE,NA,es,FALSE,NA,129,NA,,NA,NA,,NA,NA,NA,NA,NA,NA,NA,NA,NA,NA
nayibbukele,2023-01-11T00:56:48Z,1.61E+18,1.61298E+18,"Adem√°s, seguimos trabajamos la revitalizaci√≥n de este espacio esc√©nico, con una intervenci√≥n que contempla: 

‚úÖ Aplicaci√≥n del color original a superficies y elementos decorativos de fachada
‚úÖ Reparaci√≥n de butacas
‚úÖ Resanamiento de la duela de la Gran Sala https://t.co/Ft71r0km2g","Adem√°s, seguimos trabajamos la revitalizaci√≥n de este espacio esc√©nico, con una intervenci√≥n que contempla: 

‚úÖ Aplicaci√≥n del color original a superficies y elementos decorativos de fachada
‚úÖ Reparaci√≥n de butacas
‚úÖ Resanamiento de la duela de la Gran Sala https://t.co/Ft71r0km2g",FALSE,,"<a href=""https://mobile.twitter.com"" rel=""nofollow"">Twitter Web App</a>",1.61298E+18,1.61298E+18,20736511,20736511,nayibbukele,,,,NA,FALSE,314,2549,FALSE,NA,FALSE,NA,es,FALSE,NA,257,NA,,NA,NA,,NA,NA,NA,NA,NA,NA,NA,NA,NA,NA
nayibbukele,2023-01-11T00:56:48Z,1.61298E+18,1.61298E+18,"A trav√©s de un estudio de calas estratigr√°ficas hicimos un an√°lisis crom√°tico del inmueble para buscar el primer color que tuvo cuando fue construido y el resultado arroj√≥ tonalidades en blanco y crema. 

Estos colores revestir√°n nuevamente al emblem√°tico teatroü§© https://t.co/gagheimuL2","A trav√©s de un estudio de calas estratigr√°ficas hicimos un an√°lisis crom√°tico del inmueble para buscar el primer color que tuvo cuando fue construido y el resultado arroj√≥ tonalidades en blanco y crema. 

Estos colores revestir√°n nuevamente al emblem√°tico teatroü§© https://t.co/gagheimuL2",FALSE,,"<a href=""https://mobile.twitter.com"" rel=""nofollow"">Twitter Web App</a>",1.61298E+18,1.61298E+18,20736511,20736511,nayibbukele,,,,NA,FALSE,376,3018,FALSE,NA,FALSE,NA,es,FALSE,NA,263,NA,,NA,NA,,NA,NA,NA,NA,NA,NA,NA,NA,NA,NA
nayibbukele,2023-01-11T00:56:47Z,1.61298E+18,1.61298E+18,"Estamos regres√°ndole el color original a la fachada del Teatro Nacional de San Salvadorüèõ

‚Ä¶y lo haremos con todos los edificios hist√≥ricos de nuestro pa√≠s. https://t.co/1qqnmTo45R","Estamos regres√°ndole el color original a la fachada del Teatro Nacional de San Salvadorüèõ

‚Ä¶y lo haremos con todos los edificios hist√≥ricos de nuestro pa√≠s. https://t.co/1qqnmTo45R",FALSE,,"<a href=""https://mobile.twitter.com"" rel=""nofollow"">Twitter Web App</a>",NA,NA,NA,NA,NA,,,,NA,FALSE,1902,15278,FALSE,NA,FALSE,NA,es,FALSE,NA,155,NA,,NA,NA,,NA,NA,NA,NA,NA,NA,NA,NA,NA,NA
nayibbukele,2023-01-10T06:06:17Z,1.61269E+18,1.61269E+18,"En el 2023, El Salvador contin√∫a con la tasa de homicidios m√°s baja de Latinoam√©rica.

Primero Dios, lograremos tambi√©n tener la tasa m√°s baja de Am√©rica.

Seguimos‚Ä¶

#GuerraContraPandillas https://t.co/GSrWX8y0LK","En el 2023, El Salvador contin√∫a con la tasa de homicidios m√°s baja de Latinoam√©rica.

Primero Dios, lograremos tambi√©n tener la tasa m√°s baja de Am√©rica.

Seguimos‚Ä¶

#GuerraContraPandillas https://t.co/GSrWX8y0LK",FALSE,,"<a href=""http://twitter.com/download/iphone"" rel=""nofollow"">Twitter for iPhone</a>",NA,NA,NA,NA,NA,,,,NA,TRUE,1229,7546,FALSE,NA,FALSE,NA,es,FALSE,NA,189,NA,,1.61E+18,1.61269E+18,,NA,NA,NA,NA,NA,NA,NA,NA,NA,NA
nayibbukele,2023-01-08T15:38:45Z,1.61211E+18,1.61211E+18,"Traer seguridad a las comunidades que estuvieron asediadas durante d√©cadas, trae como consecuencia la posibilidad de invertir en ellas, que el Estado regrese a hacer su papel y que estas recuperen las din√°micas necesarias para florecer.

Esta es la Tutunichapa, floreciendo. https://t.co/L1oGfIUVX4","Traer seguridad a las comunidades que estuvieron asediadas durante d√©cadas, trae como consecuencia la posibilidad de invertir en ellas, que el Estado regrese a hacer su papel y que estas recuperen las din√°micas necesarias para florecer.

Esta es la Tutunichapa, floreciendo. https://t.co/L1oGfIUVX4",FALSE,,"<a href=""http://twitter.com/download/iphone"" rel=""nofollow"">Twitter for iPhone</a>",NA,NA,NA,NA,NA,,,,NA,FALSE,2906,16239,FALSE,NA,FALSE,NA,es,FALSE,NA,274,NA,,NA,NA,,NA,NA,NA,NA,NA,NA,NA,NA,NA,NA
nayibbukele,2023-01-08T06:06:30Z,1.61197E+18,1.61197E+18,"En lo que va del 2023, El Salvador ya tiene la tasa de homicidios m√°s baja de Latinoam√©rica‚Ä¶

Ahora vamos camino a tener la tasa m√°s baja de todo el continente, superando a Canad√°.

Seguimos‚Ä¶

#GuerraContraPandillas https://t.co/VnlN0eXlWT","En lo que va del 2023, El Salvador ya tiene la tasa de homicidios m√°s baja de Latinoam√©rica‚Ä¶

Ahora vamos camino a tener la tasa m√°s baja de todo el continente, superando a Canad√°.

Seguimos‚Ä¶

#GuerraContraPandillas https://t.co/VnlN0eXlWT",FALSE,,"<a href=""http://twitter.com/download/iphone"" rel=""nofollow"">Twitter for iPhone</a>",NA,NA,NA,NA,NA,,,,NA,TRUE,2199,12400,FALSE,NA,FALSE,NA,es,FALSE,NA,215,NA,,1.61197E+18,1.61197E+18,,NA,NA,NA,NA,NA,NA,NA,NA,NA,NA
nayibbukele,2023-01-07T00:00:45Z,1.61151E+18,1.61151E+18,2023 confirmed surf events on El Salvador üåäüèÑüèª‚Äç‚ôÇÔ∏è‚ôªÔ∏èü§ôüèº https://t.co/wu8EU2rMIT,2023 confirmed surf events on El Salvador üåäüèÑüèª‚Äç‚ôÇÔ∏è‚ôªÔ∏èü§ôüèº https://t.co/wu8EU2rMIT,FALSE,,"<a href=""http://twitter.com/download/iphone"" rel=""nofollow"">Twitter for iPhone</a>",NA,NA,NA,NA,NA,,,,NA,TRUE,897,5220,FALSE,NA,FALSE,NA,en,FALSE,NA,52,NA,,1.61E+18,1.61072E+18,,NA,NA,NA,NA,NA,NA,NA,NA,NA,NA
nayibbukele,2023-01-06T18:49:16Z,1.61E+18,1.61143E+18,"Pero faltaba algo:

Los animales estuvieron en cautiverio por d√©cadas en el Zoo, por lo que no se pod√≠an liberar en cualquier lugar.

As√≠ que buscamos h√°bitats certificados, con atenci√≥n veteran√≠a.

Ya trasladamos al primer grupo, pronto habremos liberado a todos los animales üòä https://t.co/coFcTEY27K","Pero faltaba algo:

Los animales estuvieron en cautiverio por d√©cadas en el Zoo, por lo que no se pod√≠an liberar en cualquier lugar.

As√≠ que buscamos h√°bitats certificados, con atenci√≥n veteran√≠a.

Ya trasladamos al primer grupo, pronto habremos liberado a todos los animales üòä https://t.co/coFcTEY27K",FALSE,,"<a href=""https://mobile.twitter.com"" rel=""nofollow"">Twitter Web App</a>",1.61143E+18,1.61143E+18,20736511,20736511,nayibbukele,,,,NA,FALSE,1567,11813,FALSE,NA,FALSE,NA,es,FALSE,NA,278,NA,,NA,NA,,NA,NA,NA,NA,NA,NA,NA,NA,NA,NA
nayibbukele,2023-01-06T18:49:16Z,1.61143E+18,1.61143E+18,"Cuando iniciamos nuestro Gobierno hicimos 3 promesas sobre la protecci√≥n animal:

1. Cerrar el zool√≥gico (que no ten√≠a condiciones dignas) ‚úÖ
2. Construir el mejor hospital
veterinario p√∫blico de Latinoam√©rica ‚úÖ
3. Aprobar una ley de protecci√≥n animal ‚úÖ

Todo est√° cumplido.","Cuando iniciamos nuestro Gobierno hicimos 3 promesas sobre la protecci√≥n animal:

1. Cerrar el zool√≥gico (que no ten√≠a condiciones dignas) ‚úÖ
2. Construir el mejor hospital
veterinario p√∫blico de Latinoam√©rica ‚úÖ
3. Aprobar una ley de protecci√≥n animal ‚úÖ

Todo est√° cumplido.",FALSE,,"<a href=""https://mobile.twitter.com"" rel=""nofollow"">Twitter Web App</a>",NA,NA,NA,NA,NA,,,,NA,FALSE,4770,31337,FALSE,NA,FALSE,NA,es,NA,NA,273,NA,,NA,NA,,NA,NA,NA,NA,NA,NA,NA,NA,NA,NA
nayibbukele,2023-01-04T03:29:55Z,1.61048E+18,1.61048E+18,"Ni los alcaldes, ni los empleados de las alcald√≠as (sean del partido que sean), pueden abusar del dinero del pueblo.

El Salvador ya no es el de antes.

El que no lo quiera entender, tendr√° problemas. https://t.co/lWZ1BgWRbd","Ni los alcaldes, ni los empleados de las alcald√≠as (sean del partido que sean), pueden abusar del dinero del pueblo.

El Salvador ya no es el de antes.

El que no lo quiera entender, tendr√° problemas. https://t.co/lWZ1BgWRbd",FALSE,,"<a href=""http://twitter.com/download/iphone"" rel=""nofollow"">Twitter for iPhone</a>",1.61E+18,1.61042E+18,20736511,20736511,nayibbukele,,,,NA,TRUE,881,5070,FALSE,NA,FALSE,NA,es,FALSE,NA,200,NA,,1.61047E+18,1.61047E+18,,NA,NA,NA,NA,NA,NA,NA,NA,NA,NA
nayibbukele,2023-01-04T01:46:03Z,1.61045E+18,1.61045E+18,"Dicen que hacen ‚Äúperiodismo‚Äù, pero no son m√°s que defensores de criminales.

Desear√≠an volver a ver a nuestro pa√≠s en medio del ba√±o de sangre al que sus patrones y patrocinadores internacionales nos sometieron durante 5 d√©cadas (2 de guerra y 3 de falsa paz).","Dicen que hacen ‚Äúperiodismo‚Äù, pero no son m√°s que defensores de criminales.

Desear√≠an volver a ver a nuestro pa√≠s en medio del ba√±o de sangre al que sus patrones y patrocinadores internacionales nos sometieron durante 5 d√©cadas (2 de guerra y 3 de falsa paz).",FALSE,,"<a href=""http://twitter.com/download/iphone"" rel=""nofollow"">Twitter for iPhone</a>",1.61E+18,1.61045E+18,20736511,20736511,nayibbukele,,,,NA,FALSE,1031,5544,FALSE,NA,FALSE,NA,es,NA,NA,260,NA,,NA,NA,,NA,NA,NA,NA,NA,NA,NA,NA,NA,NA
nayibbukele,2023-01-04T01:41:05Z,1.61E+18,1.61045E+18,"La realidad es que el ‚Äúpintor y profesor‚Äù es un reconocido pandillero de la MS13, conocido por el alias de ‚ÄúGases‚Äù, con antecedentes por robo y homicidio, y con tatuaje modificado de la MS13.

Aqu√≠ les dejo el hilo de la Polic√≠aüëáüèº https://t.co/JmwteykFgS","La realidad es que el ‚Äúpintor y profesor‚Äù es un reconocido pandillero de la MS13, conocido por el alias de ‚ÄúGases‚Äù, con antecedentes por robo y homicidio, y con tatuaje modificado de la MS13.

Aqu√≠ les dejo el hilo de la Polic√≠aüëáüèº https://t.co/JmwteykFgS",FALSE,,"<a href=""http://twitter.com/download/iphone"" rel=""nofollow"">Twitter for iPhone</a>",1.61045E+18,1.61045E+18,20736511,20736511,nayibbukele,,,,NA,TRUE,692,3337,FALSE,NA,FALSE,NA,es,FALSE,NA,230,NA,,1.61E+18,1.61041E+18,,NA,NA,NA,NA,NA,NA,NA,NA,NA,NA
nayibbukele,2023-01-04T01:37:35Z,1.61045E+18,1.61045E+18,"¬øVieron el art√≠culo de La Prensa Gr√°fica, donde supuestamente se hab√≠a capturado arbitrariamente a un ‚Äúpintor y profesor‚Äù? https://t.co/BvSisCOxOO

El Diario de Hoy tambi√©n public√≥ la ‚Äúinjusticia‚Äù del R√©gimen de Excepci√≥n y el cerco en Soyapango: https://t.co/HrPNUv0SBW

Sigue‚Ä¶","¬øVieron el art√≠culo de La Prensa Gr√°fica, donde supuestamente se hab√≠a capturado arbitrariamente a un ‚Äúpintor y profesor‚Äù? https://t.co/BvSisCOxOO

El Diario de Hoy tambi√©n public√≥ la ‚Äúinjusticia‚Äù del R√©gimen de Excepci√≥n y el cerco en Soyapango: https://t.co/HrPNUv0SBW

Sigue‚Ä¶",FALSE,,"<a href=""http://twitter.com/download/iphone"" rel=""nofollow"">Twitter for iPhone</a>",NA,NA,NA,NA,NA,,,,NA,FALSE,1056,4489,FALSE,NA,FALSE,NA,es,FALSE,NA,278,NA,,NA,NA,,NA,NA,NA,NA,NA,NA,NA,NA,NA,NA
nayibbukele,2023-01-03T23:51:08Z,1.61E+18,1.61042E+18,"No tengo idea si la alcaldesa es buena o mala y no es mi deber juzgar eso; pero los trabajadores reciben un salario pagado de los impuestos del pueblo y no pueden irse a huelga por una tarjeta navide√±a.

Irse a huelga, sin motivo, es un delito ambiental y contra la salud p√∫blica. https://t.co/C575h62by7","No tengo idea si la alcaldesa es buena o mala y no es mi deber juzgar eso; pero los trabajadores reciben un salario pagado de los impuestos del pueblo y no pueden irse a huelga por una tarjeta navide√±a.

Irse a huelga, sin motivo, es un delito ambiental y contra la salud p√∫blica. https://t.co/C575h62by7",FALSE,,"<a href=""http://twitter.com/download/iphone"" rel=""nofollow"">Twitter for iPhone</a>",NA,NA,NA,NA,NA,,,,NA,TRUE,1347,7480,FALSE,NA,FALSE,NA,es,FALSE,NA,280,NA,,1.61033E+18,1.61033E+18,,NA,NA,NA,NA,NA,NA,NA,NA,NA,NA
nayibbukele,2023-01-02T02:01:49Z,1.61E+18,1.60973E+18,"Tampoco podemos escoger hacia atr√°s, el pasado ya pas√≥ y el camino que tomamos es el √∫nico que existe ya (aunque en su momento existieron otras posibilidades).

Lo que s√≠ est√° abierto, son los caminos que podemos tomar hacia el futuro.

Todos los d√≠as podemos hacer una elecci√≥n.","Tampoco podemos escoger hacia atr√°s, el pasado ya pas√≥ y el camino que tomamos es el √∫nico que existe ya (aunque en su momento existieron otras posibilidades).

Lo que s√≠ est√° abierto, son los caminos que podemos tomar hacia el futuro.

Todos los d√≠as podemos hacer una elecci√≥n.",FALSE,,"<a href=""http://twitter.com/download/iphone"" rel=""nofollow"">Twitter for iPhone</a>",1.60973E+18,1.60973E+18,20736511,20736511,nayibbukele,,,,NA,FALSE,1446,10829,FALSE,NA,FALSE,NA,es,NA,NA,279,NA,,NA,NA,,NA,NA,NA,NA,NA,NA,NA,NA,NA,NA
nayibbukele,2023-01-02T01:57:27Z,1.60973E+18,1.60973E+18,"Esto es sencillo, pero es importante:

Mi padre dec√≠a que todos tenemos un n√∫mero de caminos que podemos tomar en la vida. Nadie est√° obligado a tomar uno en espec√≠fico, pero los caminos posibles tampoco son ilimitados (Ejemplo: yo no podr√≠a ser Miss Universo o jugar en la NBA). https://t.co/TzEbuC8E5T","Esto es sencillo, pero es importante:

Mi padre dec√≠a que todos tenemos un n√∫mero de caminos que podemos tomar en la vida. Nadie est√° obligado a tomar uno en espec√≠fico, pero los caminos posibles tampoco son ilimitados (Ejemplo: yo no podr√≠a ser Miss Universo o jugar en la NBA). https://t.co/TzEbuC8E5T",FALSE,,"<a href=""http://twitter.com/download/iphone"" rel=""nofollow"">Twitter for iPhone</a>",NA,NA,NA,NA,NA,,,,NA,FALSE,3917,20706,FALSE,NA,FALSE,NA,es,FALSE,NA,279,NA,,NA,NA,,NA,NA,NA,NA,NA,NA,NA,NA,NA,NA
nayibbukele,2023-01-01T06:39:04Z,1.61E+18,1.60944E+18,Gracias Dios. https://t.co/JJBl7alacS,Gracias Dios. https://t.co/JJBl7alacS,FALSE,,"<a href=""http://twitter.com/download/iphone"" rel=""nofollow"">Twitter for iPhone</a>",NA,NA,NA,NA,NA,,,,NA,TRUE,2370,14760,FALSE,NA,FALSE,NA,es,FALSE,NA,13,NA,,1.60943E+18,1.60943E+18,,NA,NA,NA,NA,NA,NA,NA,NA,NA,NA
nayibbukele,2023-01-01T06:01:56Z,1.60943E+18,1.60943E+18,2023‚Ä¶,2023‚Ä¶,FALSE,,"<a href=""http://twitter.com/download/iphone"" rel=""nofollow"">Twitter for iPhone</a>",NA,NA,NA,NA,NA,,,,NA,FALSE,1777,20743,FALSE,NA,FALSE,NA,und,NA,NA,5,NA,,NA,NA,,NA,NA,NA,NA,NA,NA,NA,NA,NA,NA
nayibbukele,2023-01-01T03:13:58Z,1.61E+18,1.60939E+18,https://t.co/SbNjLOMdyc,https://t.co/SbNjLOMdyc,FALSE,,"<a href=""http://twitter.com/download/iphone"" rel=""nofollow"">Twitter for iPhone</a>",NA,NA,NA,NA,NA,,,,NA,FALSE,761,4583,FALSE,NA,FALSE,NA,zxx,FALSE,NA,23,NA,,NA,NA,,NA,NA,NA,NA,NA,NA,NA,NA,NA,NA
nayibbukele,2022-12-31T06:38:12Z,1.60908E+18,1.60908E+18,"A punto de cerrar el mes m√°s seguro de nuestra historia, en el a√±o m√°s seguro de nuestra historia.

Seguimos‚Ä¶

#GuerraContraPandillas https://t.co/rgh1E8Vvmp","A punto de cerrar el mes m√°s seguro de nuestra historia, en el a√±o m√°s seguro de nuestra historia.

Seguimos‚Ä¶

#GuerraContraPandillas https://t.co/rgh1E8Vvmp",FALSE,,"<a href=""http://twitter.com/download/iphone"" rel=""nofollow"">Twitter for iPhone</a>",NA,NA,NA,NA,NA,,,,NA,TRUE,1419,9627,FALSE,NA,FALSE,NA,es,FALSE,NA,133,NA,,1.61E+18,1.60907E+18,,NA,NA,NA,NA,NA,NA,NA,NA,NA,NA
nayibbukele,2022-12-31T02:56:13Z,1.61E+18,1.60902E+18,"El Salvador deber√≠a estar dividido en 50 municipios, m√°ximo.

Es absurdo que 21,000kms2 est√©n divididos en 262 alcald√≠as.","El Salvador deber√≠a estar dividido en 50 municipios, m√°ximo.

Es absurdo que 21,000kms2 est√©n divididos en 262 alcald√≠as.",FALSE,,"<a href=""http://twitter.com/download/iphone"" rel=""nofollow"">Twitter for iPhone</a>",NA,NA,NA,NA,NA,,,,NA,FALSE,6338,56588,FALSE,NA,FALSE,NA,es,NA,NA,121,NA,,NA,NA,,NA,NA,NA,NA,NA,NA,NA,NA,NA,NA
nayibbukele,2022-12-30T02:41:30Z,1.60865E+18,1.60865E+18,"We‚Äôre not only investing in our eastern beaches that are part of Surf City 2, but also in other small paradises like this one.

With this new 11 kilometer road, we‚Äôll also open the way to the beaches of Intipuc√°, in the department of La Uni√≥n ‚òÄÔ∏èüåäüèùÔ∏è https://t.co/rd7C65jrID","We‚Äôre not only investing in our eastern beaches that are part of Surf City 2, but also in other small paradises like this one.

With this new 11 kilometer road, we‚Äôll also open the way to the beaches of Intipuc√°, in the department of La Uni√≥n ‚òÄÔ∏èüåäüèùÔ∏è https://t.co/rd7C65jrID",FALSE,,"<a href=""https://studio.twitter.com"" rel=""nofollow"">Twitter Media Studio</a>",NA,NA,NA,NA,NA,,,,NA,FALSE,1550,9852,FALSE,NA,FALSE,NA,en,FALSE,NA,248,NA,,NA,NA,,NA,NA,NA,NA,NA,NA,NA,NA,NA,NA
nayibbukele,2022-12-30T02:12:59Z,1.61E+18,1.60865E+18,And you still think there‚Äôs a ‚Äúfree‚Äù world üòÇ,And you still think there‚Äôs a ‚Äúfree‚Äù world üòÇ,FALSE,,"<a href=""http://twitter.com/download/iphone"" rel=""nofollow"">Twitter for iPhone</a>",NA,NA,NA,NA,NA,,,,NA,FALSE,1832,13722,FALSE,NA,FALSE,NA,en,NA,NA,44,NA,,NA,NA,,NA,NA,NA,NA,NA,NA,NA,NA,NA,NA
nayibbukele,2022-12-29T06:05:56Z,1.60834E+18,1.60834E+18,"Muchos no entienden lo que este logro significa para el futuro de nuestro pa√≠s.

Nosotros s√≠, y por eso trabajamos d√≠a y noche para sostenerlo.

Seguimos‚Ä¶

#GuerraContraPandillas https://t.co/aTrGrx2Dh8","Muchos no entienden lo que este logro significa para el futuro de nuestro pa√≠s.

Nosotros s√≠, y por eso trabajamos d√≠a y noche para sostenerlo.

Seguimos‚Ä¶

#GuerraContraPandillas https://t.co/aTrGrx2Dh8",FALSE,,"<a href=""http://twitter.com/download/iphone"" rel=""nofollow"">Twitter for iPhone</a>",NA,NA,NA,NA,NA,,,,NA,TRUE,1569,9983,FALSE,NA,FALSE,NA,es,FALSE,NA,178,NA,,1.60834E+18,1.60834E+18,,NA,NA,NA,NA,NA,NA,NA,NA,NA,NA
nayibbukele,2022-12-29T02:06:53Z,1.60828E+18,1.60828E+18,"En El Salvador, nunca se combati√≥ la corrupci√≥n y mucho menos contra funcionarios del mismo partido del Gobierno.

Pero si queremos avanzar como sociedad, debemos entender que esto es una necesidad y que es ineludible.

Hay que arrancar lo malo, para que pueda crecer lo bueno. https://t.co/cCqfHzxwRg","En El Salvador, nunca se combati√≥ la corrupci√≥n y mucho menos contra funcionarios del mismo partido del Gobierno.

Pero si queremos avanzar como sociedad, debemos entender que esto es una necesidad y que es ineludible.

Hay que arrancar lo malo, para que pueda crecer lo bueno. https://t.co/cCqfHzxwRg",FALSE,,"<a href=""http://twitter.com/download/iphone"" rel=""nofollow"">Twitter for iPhone</a>",NA,NA,NA,NA,NA,,,,NA,TRUE,4781,23636,FALSE,NA,FALSE,NA,es,FALSE,NA,277,NA,,1.61E+18,1.60828E+18,,NA,NA,NA,NA,NA,NA,NA,NA,NA,NA
nayibbukele,2022-12-27T06:07:39Z,1.60762E+18,1.60762E+18,"0 homicidios.

Por primera vez, los salvadore√±os est√°n disfrutando de unas fiestas de Navidad y fin de a√±o en total seguridad, libertad y paz.

Seguimos‚Ä¶

#GuerraContraPandillas https://t.co/mUxHX42hyk","0 homicidios.

Por primera vez, los salvadore√±os est√°n disfrutando de unas fiestas de Navidad y fin de a√±o en total seguridad, libertad y paz.

Seguimos‚Ä¶

#GuerraContraPandillas https://t.co/mUxHX42hyk",FALSE,,"<a href=""http://twitter.com/download/iphone"" rel=""nofollow"">Twitter for iPhone</a>",NA,NA,NA,NA,NA,,,,NA,TRUE,1650,11634,FALSE,NA,FALSE,NA,es,FALSE,NA,177,NA,,1.61E+18,1.60762E+18,,NA,NA,NA,NA,NA,NA,NA,NA,NA,NA
nayibbukele,2022-12-26T01:42:21Z,1.60719E+18,1.60719E+18,¬øYa vieron que s√≠ era necesario el asueto ma√±ana? üòÇ,¬øYa vieron que s√≠ era necesario el asueto ma√±ana? üòÇ,FALSE,,"<a href=""http://twitter.com/download/iphone"" rel=""nofollow"">Twitter for iPhone</a>",NA,NA,NA,NA,NA,,,,NA,FALSE,1744,24092,FALSE,NA,FALSE,NA,es,NA,NA,51,NA,,NA,NA,,NA,NA,NA,NA,NA,NA,NA,NA,NA,NA
nayibbukele,2022-12-25T06:00:23Z,1.60689E+18,1.60689E+18,"¬°Feliz Navidad!

Jojojojojojojojojojo üéÖüèº","¬°Feliz Navidad!

Jojojojojojojojojojo üéÖüèº",FALSE,,"<a href=""http://twitter.com/download/iphone"" rel=""nofollow"">Twitter for iPhone</a>",NA,NA,NA,NA,NA,,,,NA,FALSE,2207,30210,FALSE,NA,FALSE,NA,es,NA,NA,40,NA,,NA,NA,,NA,NA,NA,NA,NA,NA,NA,NA,NA,NA
nayibbukele,2022-12-25T00:40:26Z,1.61E+18,1.60681E+18,"Cabe mencionar que no ha habido ni un tan solo muerto en enfrentamientos, dentro de ninguno de los cercos.

Ninguna operaci√≥n militar en el mundo ha sido tan limpia‚Ä¶

Y con incre√≠bles resultados.

Seguimos‚Ä¶

#GuerraContraPandillas 
#PlanControlTerritorial","Cabe mencionar que no ha habido ni un tan solo muerto en enfrentamientos, dentro de ninguno de los cercos.

Ninguna operaci√≥n militar en el mundo ha sido tan limpia‚Ä¶

Y con incre√≠bles resultados.

Seguimos‚Ä¶

#GuerraContraPandillas 
#PlanControlTerritorial",FALSE,,"<a href=""http://twitter.com/download/iphone"" rel=""nofollow"">Twitter for iPhone</a>",1.60681E+18,1.60681E+18,20736511,20736511,nayibbukele,,,,NA,FALSE,1149,8990,FALSE,NA,FALSE,NA,es,NA,NA,255,NA,,NA,NA,,NA,NA,NA,NA,NA,NA,NA,NA,NA,NA
nayibbukele,2022-12-25T00:33:53Z,1.60681E+18,1.60681E+18,"Y as√≠, 1000 soldados m√°s y 100 agentes de la Polic√≠a (ninguno de ellos sacado de los cercos de Soyapango, ni de la Tutunichapa) han cercado totalmente La Granjita y extraer√°n a todos los delincuentes de ah√≠.","Y as√≠, 1000 soldados m√°s y 100 agentes de la Polic√≠a (ninguno de ellos sacado de los cercos de Soyapango, ni de la Tutunichapa) han cercado totalmente La Granjita y extraer√°n a todos los delincuentes de ah√≠.",FALSE,,"<a href=""http://twitter.com/download/iphone"" rel=""nofollow"">Twitter for iPhone</a>",1.61E+18,1.60681E+18,20736511,20736511,nayibbukele,,,,NA,FALSE,897,7152,FALSE,NA,FALSE,NA,es,NA,NA,207,NA,,NA,NA,,NA,NA,NA,NA,NA,NA,NA,NA,NA,NA
nayibbukele,2022-12-25T00:33:02Z,1.61E+18,1.60681E+18,"Luego de cercar la Tutunichapa, famoso centro de distribuci√≥n de droga, sab√≠amos que muchos narcotraficantes ir√≠an a abastecerse a la comunidad La Granjita, otro famoso centro de distribuci√≥n.

Lo que no esperaban es que cercar√≠amos La Granjita, una vez estuvieran adentro üòâ https://t.co/M82uF3Tle0","Luego de cercar la Tutunichapa, famoso centro de distribuci√≥n de droga, sab√≠amos que muchos narcotraficantes ir√≠an a abastecerse a la comunidad La Granjita, otro famoso centro de distribuci√≥n.

Lo que no esperaban es que cercar√≠amos La Granjita, una vez estuvieran adentro üòâ https://t.co/M82uF3Tle0",FALSE,,"<a href=""http://twitter.com/download/iphone"" rel=""nofollow"">Twitter for iPhone</a>",NA,NA,NA,NA,NA,,,,NA,FALSE,3373,20760,FALSE,NA,FALSE,NA,es,FALSE,NA,274,NA,,NA,NA,,NA,NA,NA,NA,NA,NA,NA,NA,NA,NA
nayibbukele,2022-12-24T14:45:02Z,1.61E+18,1.60666E+18,"Todos los terroristas, narcotraficantes y pandilleros ser√°n removidos de esta comunidad, hasta hace unos meses basti√≥n del crimen.

Los ciudadanos honrados no tienen nada que temer y pueden continuar haciendo su vida normalmente.

La #Fase5 del #PlanControlTerritorial contin√∫a.","Todos los terroristas, narcotraficantes y pandilleros ser√°n removidos de esta comunidad, hasta hace unos meses basti√≥n del crimen.

Los ciudadanos honrados no tienen nada que temer y pueden continuar haciendo su vida normalmente.

La #Fase5 del #PlanControlTerritorial contin√∫a.",FALSE,,"<a href=""http://twitter.com/download/iphone"" rel=""nofollow"">Twitter for iPhone</a>",1.60666E+18,1.60666E+18,20736511,20736511,nayibbukele,,,,NA,FALSE,1210,7863,FALSE,NA,FALSE,NA,es,NA,NA,278,NA,,NA,NA,,NA,NA,NA,NA,NA,NA,NA,NA,NA,NA
nayibbukele,2022-12-24T14:39:54Z,1.60666E+18,1.60666E+18,"Desde esta ma√±ana, la comunidad Tutunichapa, en San Salvador, est√° totalmente cercada.

Sin remover un solo elemento del cerco de Soyapango, m√°s de 1,000 soldados y 130 agentes de la Polic√≠a, extraer√°n a los criminales que a√∫n quedan en esta comunidad, famosa por el narcotr√°fico. https://t.co/TPr6NFwr6p","Desde esta ma√±ana, la comunidad Tutunichapa, en San Salvador, est√° totalmente cercada.

Sin remover un solo elemento del cerco de Soyapango, m√°s de 1,000 soldados y 130 agentes de la Polic√≠a, extraer√°n a los criminales que a√∫n quedan en esta comunidad, famosa por el narcotr√°fico. https://t.co/TPr6NFwr6p",FALSE,,"<a href=""http://twitter.com/download/iphone"" rel=""nofollow"">Twitter for iPhone</a>",NA,NA,NA,NA,NA,,,,NA,FALSE,5071,27274,FALSE,NA,FALSE,NA,es,FALSE,NA,280,NA,,NA,NA,,NA,NA,NA,NA,NA,NA,NA,NA,NA,NA
nayibbukele,2022-12-24T00:59:47Z,1.60645E+18,1.60645E+18,¬°Encendida del √°rbol de Navidad! https://t.co/SNeavFPmkS,¬°Encendida del √°rbol de Navidad! https://t.co/SNeavFPmkS,FALSE,,"<a href=""https://studio.twitter.com"" rel=""nofollow"">Twitter Media Studio</a>",NA,NA,NA,NA,NA,,,,NA,FALSE,1182,4952,FALSE,NA,FALSE,NA,es,FALSE,NA,56,NA,,NA,NA,,NA,NA,NA,NA,NA,NA,NA,NA,NA,NA
nayibbukele,2022-12-24T00:45:41Z,1.61E+18,1.60645E+18,"En unos minutos (7pm hora de El Salvador) nos vemos en Cadena Nacional de Radio y Televisi√≥n, para la encendida del √°rbol de Navidad.

Tambi√©n podr√°n verlo aqu√≠, en Twitter Live.","En unos minutos (7pm hora de El Salvador) nos vemos en Cadena Nacional de Radio y Televisi√≥n, para la encendida del √°rbol de Navidad.

Tambi√©n podr√°n verlo aqu√≠, en Twitter Live.",FALSE,,"<a href=""http://twitter.com/download/iphone"" rel=""nofollow"">Twitter for iPhone</a>",NA,NA,NA,NA,NA,,,,NA,FALSE,520,4632,FALSE,NA,FALSE,NA,es,NA,NA,178,NA,,NA,NA,,NA,NA,NA,NA,NA,NA,NA,NA,NA,NA
nayibbukele,2022-12-24T00:27:36Z,1.61E+18,1.60645E+18,"Y esto es con cifras de todo el a√±o, incluyendo enero a marzo (antes del R√©gimen de Excepci√≥n) y el fin de semana que desencaden√≥ la #GuerraContraPandillas 

El periodista tambi√©n incluye, como asesinatos, los pandilleros muertos en enfrentamientos con las fuerzas de seguridad. https://t.co/TKqoOmu903","Y esto es con cifras de todo el a√±o, incluyendo enero a marzo (antes del R√©gimen de Excepci√≥n) y el fin de semana que desencaden√≥ la #GuerraContraPandillas 

El periodista tambi√©n incluye, como asesinatos, los pandilleros muertos en enfrentamientos con las fuerzas de seguridad. https://t.co/TKqoOmu903",FALSE,,"<a href=""http://twitter.com/download/iphone"" rel=""nofollow"">Twitter for iPhone</a>",NA,NA,NA,NA,NA,,,,NA,TRUE,621,3240,FALSE,NA,FALSE,NA,es,FALSE,NA,278,NA,,1.60642E+18,1.60642E+18,,NA,NA,NA,NA,NA,NA,NA,NA,NA,NA
nayibbukele,2022-12-23T12:00:02Z,1.60626E+18,1.60626E+18,"Los invitamos a ver el encendido del √°rbol de Navidad en Casa Presidencial, en Cadena Nacional de Radio y Televisi√≥n.

Hoy viernes 23 de diciembre, a las 7pm.

Tambi√©n podr√°n verlo aqu√≠, en Twitter Live.

¬°Feliz¬†Navidad! https://t.co/Oj3zAwkUFN","Los invitamos a ver el encendido del √°rbol de Navidad en Casa Presidencial, en Cadena Nacional de Radio y Televisi√≥n.

Hoy viernes 23 de diciembre, a las 7pm.

Tambi√©n podr√°n verlo aqu√≠, en Twitter Live.

¬°Feliz¬†Navidad! https://t.co/Oj3zAwkUFN",FALSE,,"<a href=""https://mobile.twitter.com"" rel=""nofollow"">Twitter Web App</a>",NA,NA,NA,NA,NA,,,,NA,FALSE,2563,24332,FALSE,NA,FALSE,NA,es,FALSE,NA,220,NA,,NA,NA,,NA,NA,NA,NA,NA,NA,NA,NA,NA,NA
nayibbukele,2022-12-23T01:40:51Z,1.61E+18,1.6061E+18,"Are we getting to the time when oil is used a lot less and water stress becomes critical?

A lot of people think so.

If that happens, we‚Äôll start seeing ‚Äúdemocracy‚Äù is no longer needed in the dark red areas and suddenly it will be urgent in the blue areas. https://t.co/q5w64QZClq","Are we getting to the time when oil is used a lot less and water stress becomes critical?

A lot of people think so.

If that happens, we‚Äôll start seeing ‚Äúdemocracy‚Äù is no longer needed in the dark red areas and suddenly it will be urgent in the blue areas. https://t.co/q5w64QZClq",FALSE,,"<a href=""http://twitter.com/download/iphone"" rel=""nofollow"">Twitter for iPhone</a>",NA,NA,NA,NA,NA,,,,NA,FALSE,948,4547,FALSE,NA,FALSE,NA,en,FALSE,NA,257,NA,,NA,NA,,NA,NA,NA,NA,NA,NA,NA,NA,NA,NA
nayibbukele,2022-12-22T12:00:00Z,1.6059E+18,1.6059E+18,¬°Feliz Navidad! https://t.co/8yunEdzcs3,¬°Feliz Navidad! https://t.co/8yunEdzcs3,FALSE,,"<a href=""https://studio.twitter.com"" rel=""nofollow"">Twitter Media Studio</a>",NA,NA,NA,NA,NA,,,,NA,FALSE,8871,62004,FALSE,NA,FALSE,NA,es,FALSE,NA,15,NA,,NA,NA,,NA,NA,NA,NA,NA,NA,NA,NA,NA,NA
nayibbukele,2022-12-21T22:49:39Z,1.6057E+18,1.6057E+18,"Adem√°s se fomenta el turismo interno, m√°s ahora que, gracias a Dios, todos podemos disfrutar de nuestro pa√≠s en total seguridad y paz üá∏üáª","Adem√°s se fomenta el turismo interno, m√°s ahora que, gracias a Dios, todos podemos disfrutar de nuestro pa√≠s en total seguridad y paz üá∏üáª",FALSE,,"<a href=""http://twitter.com/download/iphone"" rel=""nofollow"">Twitter for iPhone</a>",1.6057E+18,1.6057E+18,20736511,20736511,nayibbukele,,,,NA,FALSE,901,9461,FALSE,NA,FALSE,NA,es,NA,NA,136,NA,,NA,NA,,NA,NA,NA,NA,NA,NA,NA,NA,NA,NA
nayibbukele,2022-12-21T22:48:07Z,1.6057E+18,1.6057E+18,"Es por eso que la @AsambleaSV ha decretado este pr√≥ximo 26 de diciembre y 2 de enero como asuetos remunerados para el sector privado, p√∫blico y aut√≥nomas.

As√≠, los salvadore√±os tendr√°n derecho a exactamente los mismos d√≠as de asueto remunerado que tienen todos los a√±os.","Es por eso que la @AsambleaSV ha decretado este pr√≥ximo 26 de diciembre y 2 de enero como asuetos remunerados para el sector privado, p√∫blico y aut√≥nomas.

As√≠, los salvadore√±os tendr√°n derecho a exactamente los mismos d√≠as de asueto remunerado que tienen todos los a√±os.",FALSE,,"<a href=""http://twitter.com/download/iphone"" rel=""nofollow"">Twitter for iPhone</a>",1.61E+18,1.6057E+18,20736511,20736511,nayibbukele,,,,NA,FALSE,961,8320,FALSE,NA,FALSE,NA,es,NA,NA,271,NA,,NA,NA,,NA,NA,NA,NA,NA,NA,NA,NA,NA,NA
nayibbukele,2022-12-21T22:46:25Z,1.61E+18,1.6057E+18,"Los salvadore√±os tienen, por ley, derecho a un d√≠a de asueto remunerado semanal.

Este generalmente es el domingo.

Tambi√©n tienen, por ley, derecho al 25 de diciembre (Navidad) y 1 de enero (A√±o Nuevo) como asueto remunerado.

Sin embargo, en este a√±o, ambos d√≠as caen domingo.","Los salvadore√±os tienen, por ley, derecho a un d√≠a de asueto remunerado semanal.

Este generalmente es el domingo.

Tambi√©n tienen, por ley, derecho al 25 de diciembre (Navidad) y 1 de enero (A√±o Nuevo) como asueto remunerado.

Sin embargo, en este a√±o, ambos d√≠as caen domingo.",FALSE,,"<a href=""http://twitter.com/download/iphone"" rel=""nofollow"">Twitter for iPhone</a>",NA,NA,NA,NA,NA,,,,NA,FALSE,1868,13305,FALSE,NA,FALSE,NA,es,NA,NA,278,NA,,NA,NA,,NA,NA,NA,NA,NA,NA,NA,NA,NA,NA
nayibbukele,2022-12-21T00:30:04Z,1.60536E+18,1.60536E+18,"Con la reforma de pensiones, todos los pensionados por vejez, actuales y futuros, con pensiones hasta de $2,300, tendr√°n un incremento del 30% en su pensi√≥n (no √∫nicamente los de la pensi√≥n m√≠nima).

Estos son algunos de los beneficios para los pensionados¬†y¬†cotizantes: https://t.co/wXpFP4ydnJ","Con la reforma de pensiones, todos los pensionados por vejez, actuales y futuros, con pensiones hasta de $2,300, tendr√°n un incremento del 30% en su pensi√≥n (no √∫nicamente los de la pensi√≥n m√≠nima).

Estos son algunos de los beneficios para los pensionados¬†y¬†cotizantes: https://t.co/wXpFP4ydnJ",FALSE,,"<a href=""https://mobile.twitter.com"" rel=""nofollow"">Twitter Web App</a>",NA,NA,NA,NA,NA,,,,NA,FALSE,3117,13212,FALSE,NA,FALSE,NA,es,FALSE,NA,270,NA,,NA,NA,,NA,NA,NA,NA,NA,NA,NA,NA,NA,NA
nayibbukele,2022-12-19T02:27:21Z,1.60E+18,1.60466E+18,Gracias F√©lix. https://t.co/UxzuWlAEbZ,Gracias F√©lix. https://t.co/UxzuWlAEbZ,FALSE,,"<a href=""http://twitter.com/download/iphone"" rel=""nofollow"">Twitter for iPhone</a>",NA,NA,NA,NA,NA,,,,NA,TRUE,761,6113,FALSE,NA,FALSE,NA,es,FALSE,NA,14,NA,,1.60466E+18,1.60466E+18,,NA,NA,NA,NA,NA,NA,NA,NA,NA,NA
nayibbukele,2022-12-18T18:10:01Z,1.60454E+18,1.60454E+18,¬øEntonces Ceboshitas no ser√° subcampe√≥n?,¬øEntonces Ceboshitas no ser√° subcampe√≥n?,FALSE,,"<a href=""http://twitter.com/download/iphone"" rel=""nofollow"">Twitter for iPhone</a>",NA,NA,NA,NA,NA,,,,NA,FALSE,962,15426,FALSE,NA,FALSE,NA,es,NA,NA,40,NA,,NA,NA,,NA,NA,NA,NA,NA,NA,NA,NA,NA,NA
nayibbukele,2022-12-18T17:54:44Z,1.60454E+18,1.60454E+18,"¬øQu√© mir√°s bobo?
¬°And√° pall√°!","¬øQu√© mir√°s bobo?
¬°And√° pall√°!",FALSE,,"<a href=""http://twitter.com/download/iphone"" rel=""nofollow"">Twitter for iPhone</a>",NA,NA,NA,NA,NA,,,,NA,FALSE,11866,88993,FALSE,NA,FALSE,NA,es,NA,NA,29,NA,,NA,NA,,NA,NA,NA,NA,NA,NA,NA,NA,NA,NA
nayibbukele,2022-12-18T06:23:43Z,1.60436E+18,1.60436E+18,"0 homicidios.

Todos a disfrutar las fiestas de Navidad y A√±o Nuevo en total seguridad üéÖüèº

Nosotros seguimos‚Ä¶

#GuerraContraPandillas https://t.co/bqVhyoM9Tp","0 homicidios.

Todos a disfrutar las fiestas de Navidad y A√±o Nuevo en total seguridad üéÖüèº

Nosotros seguimos‚Ä¶

#GuerraContraPandillas https://t.co/bqVhyoM9Tp",FALSE,,"<a href=""http://twitter.com/download/iphone"" rel=""nofollow"">Twitter for iPhone</a>",NA,NA,NA,NA,NA,,,,NA,TRUE,1397,9017,FALSE,NA,FALSE,NA,es,FALSE,NA,133,NA,,1.60436E+18,1.60436E+18,,NA,NA,NA,NA,NA,NA,NA,NA,NA,NA
nayibbukele,2022-12-17T06:08:28Z,1.604E+18,1.604E+18,"0 homicidios.

El Salvador: el pa√≠s m√°s seguro de Latinoam√©rica. https://t.co/gs7ZZs7kXM","0 homicidios.

El Salvador: el pa√≠s m√°s seguro de Latinoam√©rica. https://t.co/gs7ZZs7kXM",FALSE,,"<a href=""http://twitter.com/download/iphone"" rel=""nofollow"">Twitter for iPhone</a>",NA,NA,NA,NA,NA,,,,NA,TRUE,1732,10613,FALSE,NA,FALSE,NA,es,FALSE,NA,64,NA,,1.60E+18,1.60399E+18,,NA,NA,NA,NA,NA,NA,NA,NA,NA,NA
nayibbukele,2022-12-17T01:29:37Z,1.60393E+18,1.60393E+18,"Construcci√≥n de la nueva carretera hacia @surfcity 2, que estar√° en las playas de la zona oriental de El Salvador üåäüèÑüèª‚Äç‚ôÇÔ∏è‚ôªÔ∏è https://t.co/5zlt7dA3Cr","Construcci√≥n de la nueva carretera hacia @surfcity 2, que estar√° en las playas de la zona oriental de El Salvador üåäüèÑüèª‚Äç‚ôÇÔ∏è‚ôªÔ∏è https://t.co/5zlt7dA3Cr",FALSE,,"<a href=""https://studio.twitter.com"" rel=""nofollow"">Twitter Media Studio</a>",NA,NA,NA,NA,NA,,,,NA,FALSE,2114,13681,FALSE,NA,FALSE,NA,es,FALSE,NA,122,NA,,NA,NA,,NA,NA,NA,NA,NA,NA,NA,NA,NA,NA
nayibbukele,2022-12-16T06:13:27Z,1.60363E+18,1.60363E+18,"0 homicidios.

El Salvador es ya irrefutablemente el pa√≠s m√°s seguro de America Latina.

Es incre√≠ble pensar que hasta hace unos a√±os, √©ramos el pa√≠s m√°s peligroso del mundo.

Un buen Gobierno da resultados. Un mal Gobierno da excusas.

¬°Dios con nosotros!

#GuerraContraPandillas https://t.co/pTWgsbteMt","0 homicidios.

El Salvador es ya irrefutablemente el pa√≠s m√°s seguro de America Latina.

Es incre√≠ble pensar que hasta hace unos a√±os, √©ramos el pa√≠s m√°s peligroso del mundo.

Un buen Gobierno da resultados. Un mal Gobierno da excusas.

¬°Dios con nosotros!

#GuerraContraPandillas https://t.co/pTWgsbteMt",FALSE,,"<a href=""http://twitter.com/download/iphone"" rel=""nofollow"">Twitter for iPhone</a>",NA,NA,NA,NA,NA,,,,NA,TRUE,5138,25092,FALSE,NA,FALSE,NA,es,FALSE,NA,280,NA,,1.60363E+18,1.60363E+18,,NA,NA,NA,NA,NA,NA,NA,NA,NA,NA
nayibbukele,2022-12-15T14:34:59Z,1.60E+18,1.6034E+18,5.9 a sur de Jiquilisco.,5.9 a sur de Jiquilisco.,FALSE,,"<a href=""http://twitter.com/download/iphone"" rel=""nofollow"">Twitter for iPhone</a>",NA,NA,NA,NA,NA,,,,NA,FALSE,1055,9238,FALSE,NA,FALSE,NA,fr,NA,NA,24,NA,,NA,NA,,NA,NA,NA,NA,NA,NA,NA,NA,NA,NA
nayibbukele,2022-12-15T06:45:24Z,1.60328E+18,1.60328E+18,"0 homicidios.

Nuestros opositores y sus patrocinadores nacionales e internacionales intentan convencer al pueblo salvadore√±o de que debemos regresar al tiempo cuando √©ramos literalmente el pa√≠s m√°s peligroso del mundo‚Ä¶

Pero, ¬øqui√©n querr√≠a eso?

#GuerraContraPandillas https://t.co/Zt2E6XN6jR","0 homicidios.

Nuestros opositores y sus patrocinadores nacionales e internacionales intentan convencer al pueblo salvadore√±o de que debemos regresar al tiempo cuando √©ramos literalmente el pa√≠s m√°s peligroso del mundo‚Ä¶

Pero, ¬øqui√©n querr√≠a eso?

#GuerraContraPandillas https://t.co/Zt2E6XN6jR",FALSE,,"<a href=""http://twitter.com/download/iphone"" rel=""nofollow"">Twitter for iPhone</a>",NA,NA,NA,NA,NA,,,,NA,TRUE,1269,6792,FALSE,NA,FALSE,NA,es,FALSE,NA,270,NA,,1.60E+18,1.60328E+18,,NA,NA,NA,NA,NA,NA,NA,NA,NA,NA
nayibbukele,2022-12-15T00:44:22Z,1.60319E+18,1.60319E+18,"Que el ‚Äúperi√≥dico‚Äù m√°s importante de la oposici√≥n haya cambiado su portada para presentar de una manera casi contraria los resultados de su propia encuesta, deja claro que solo son activistas pol√≠ticos.

Y pensar que estos ‚Äúmedios‚Äù son la referencia de la comunidad internacional. https://t.co/whpaRIgHef","Que el ‚Äúperi√≥dico‚Äù m√°s importante de la oposici√≥n haya cambiado su portada para presentar de una manera casi contraria los resultados de su propia encuesta, deja claro que solo son activistas pol√≠ticos.

Y pensar que estos ‚Äúmedios‚Äù son la referencia de la comunidad internacional. https://t.co/whpaRIgHef",FALSE,,"<a href=""http://twitter.com/download/iphone"" rel=""nofollow"">Twitter for iPhone</a>",NA,NA,NA,NA,NA,,,,NA,TRUE,1346,6182,FALSE,NA,FALSE,NA,es,FALSE,NA,280,NA,,1.60306E+18,1.60306E+18,,NA,NA,NA,NA,NA,NA,NA,NA,NA,NA
nayibbukele,2022-12-14T16:16:54Z,1.60306E+18,1.60306E+18,"El peri√≥dico de la oposici√≥n ha estado estos d√≠as reportando su √∫ltima encuesta, en la que no pudieron ocultar los resultados positivos de este Gobierno.

Pero alguien orden√≥ mentir de nuevo, as√≠ que cambiaron la portada de hoy en digital, pero no alcanzaron a parar la impresa üòÇ https://t.co/9viNWb0Kaj","El peri√≥dico de la oposici√≥n ha estado estos d√≠as reportando su √∫ltima encuesta, en la que no pudieron ocultar los resultados positivos de este Gobierno.

Pero alguien orden√≥ mentir de nuevo, as√≠ que cambiaron la portada de hoy en digital, pero no alcanzaron a parar la impresa üòÇ https://t.co/9viNWb0Kaj",FALSE,,"<a href=""http://twitter.com/download/iphone"" rel=""nofollow"">Twitter for iPhone</a>",NA,NA,NA,NA,NA,,,,NA,FALSE,1993,9179,FALSE,NA,FALSE,NA,es,FALSE,NA,279,NA,,NA,NA,,NA,NA,NA,NA,NA,NA,NA,NA,NA,NA
nayibbukele,2022-12-14T06:14:40Z,1.60291E+18,1.60291E+18,"0 homicidios.

Este es el verdadero temor de las ONGs, los grandes medios y muchos en la comunidad internacional‚Ä¶

Que otros pa√≠ses quieren replicar nuestro ejemplo.

Literalmente, tienen intereses invertidos en que volvamos al pasado.

No lo haremos.

¬°Dios con nosotros! https://t.co/HjB00odIpa","0 homicidios.

Este es el verdadero temor de las ONGs, los grandes medios y muchos en la comunidad internacional‚Ä¶

Que otros pa√≠ses quieren replicar nuestro ejemplo.

Literalmente, tienen intereses invertidos en que volvamos al pasado.

No lo haremos.

¬°Dios con nosotros! https://t.co/HjB00odIpa",FALSE,,"<a href=""http://twitter.com/download/iphone"" rel=""nofollow"">Twitter for iPhone</a>",NA,NA,NA,NA,NA,,,,NA,TRUE,2481,12343,FALSE,NA,FALSE,NA,es,FALSE,NA,272,NA,,1.60E+18,1.60291E+18,,NA,NA,NA,NA,NA,NA,NA,NA,NA,NA
nayibbukele,2022-12-14T01:21:42Z,1.60284E+18,1.60284E+18,"But the NGOs and the mainstream media insist that Salvadorans are ""afraid"" of the Police and the Armed Forces and that they want the Exception Regime to end.

Then, why do they approve these institutions so much?

Other governments would do anything to have that kind of support. https://t.co/aYm2FqEdSy","But the NGOs and the mainstream media insist that Salvadorans are ""afraid"" of the Police and the Armed Forces and that they want the Exception Regime to end.

Then, why do they approve these institutions so much?

Other governments would do anything to have that kind of support. https://t.co/aYm2FqEdSy",FALSE,,"<a href=""http://twitter.com/download/iphone"" rel=""nofollow"">Twitter for iPhone</a>",1.60284E+18,1.60284E+18,20736511,20736511,nayibbukele,,,,NA,FALSE,372,1829,FALSE,NA,FALSE,NA,en,FALSE,NA,279,NA,,NA,NA,,NA,NA,NA,NA,NA,NA,NA,NA,NA,NA
nayibbukele,2022-12-14T01:17:07Z,1.60284E+18,1.60284E+18,"Not even the opposition can deny the results of our war against gangs.

Their own polls accept that our Armed Forces, Police and Ministry of Security all have approval ratings of more than 85%; growing 9%, 11% and 16% respectively, compared to 2021. https://t.co/mAInpRSAIr","Not even the opposition can deny the results of our war against gangs.

Their own polls accept that our Armed Forces, Police and Ministry of Security all have approval ratings of more than 85%; growing 9%, 11% and 16% respectively, compared to 2021. https://t.co/mAInpRSAIr",FALSE,,"<a href=""http://twitter.com/download/iphone"" rel=""nofollow"">Twitter for iPhone</a>",NA,NA,NA,NA,NA,,,,NA,FALSE,773,3695,FALSE,NA,FALSE,NA,en,FALSE,NA,249,NA,,NA,NA,,NA,NA,NA,NA,NA,NA,NA,NA,NA,NA
nayibbukele,2022-12-14T01:13:34Z,1.60E+18,1.60283E+18,"Pero las ONGs y los grandes medios internacionales insisten en que los salvadore√±os est√°n ‚Äúatemorizados‚Äù de la Polic√≠a y la Fuerza Armada y que piden se quite el R√©gimen de Excepci√≥n.

¬øPor qu√© entonces apoyan tanto a estas instituciones?

Ya quisieran otros gobiernos ese apoyo. https://t.co/hIeLAmJjnO","Pero las ONGs y los grandes medios internacionales insisten en que los salvadore√±os est√°n ‚Äúatemorizados‚Äù de la Polic√≠a y la Fuerza Armada y que piden se quite el R√©gimen de Excepci√≥n.

¬øPor qu√© entonces apoyan tanto a estas instituciones?

Ya quisieran otros gobiernos ese apoyo. https://t.co/hIeLAmJjnO",FALSE,,"<a href=""http://twitter.com/download/iphone"" rel=""nofollow"">Twitter for iPhone</a>",1.60283E+18,1.60283E+18,20736511,20736511,nayibbukele,,,,NA,FALSE,640,2692,FALSE,NA,FALSE,NA,es,FALSE,NA,279,NA,,NA,NA,,NA,NA,NA,NA,NA,NA,NA,NA,NA,NA
nayibbukele,2022-12-14T00:58:51Z,1.60283E+18,1.60283E+18,"Ya ni la oposici√≥n puede negar los resultados de nuestra guerra contra las pandillas.

Sus propias encuestas aceptan que nuestra Fuerza Armada, Polic√≠a y Ministerio de Seguridad tienen todos m√°s del 85% de aceptaci√≥n, creciendo 9%, 11% y 16% respectivamente, comparado a¬†2021. https://t.co/WGE73HuroP","Ya ni la oposici√≥n puede negar los resultados de nuestra guerra contra las pandillas.

Sus propias encuestas aceptan que nuestra Fuerza Armada, Polic√≠a y Ministerio de Seguridad tienen todos m√°s del 85% de aceptaci√≥n, creciendo 9%, 11% y 16% respectivamente, comparado a¬†2021. https://t.co/WGE73HuroP",FALSE,,"<a href=""http://twitter.com/download/iphone"" rel=""nofollow"">Twitter for iPhone</a>",NA,NA,NA,NA,NA,,,,NA,FALSE,1626,7288,FALSE,NA,FALSE,NA,es,FALSE,NA,276,NA,,NA,NA,,NA,NA,NA,NA,NA,NA,NA,NA,NA,NA
nayibbukele,2022-12-12T22:45:06Z,1.60E+18,1.60243E+18,"El Salvador becomes the second most sustainable country in Central America, just below Costa Rica; which has a 50 years advantage on the matter. https://t.co/UY29iUorAj","El Salvador becomes the second most sustainable country in Central America, just below Costa Rica; which has a 50 years advantage on the matter. https://t.co/UY29iUorAj",FALSE,,"<a href=""http://twitter.com/download/iphone"" rel=""nofollow"">Twitter for iPhone</a>",NA,NA,NA,NA,NA,,,,NA,TRUE,970,5223,FALSE,NA,FALSE,NA,en,FALSE,NA,144,NA,,1.60E+18,1.60241E+18,,NA,NA,NA,NA,NA,NA,NA,NA,NA,NA
nayibbukele,2022-12-12T22:29:29Z,1.60E+18,1.60243E+18,"El Salvador se convierte en el segundo pa√≠s m√°s sostenible de Centroam√©rica, solo por debajo de Costa Rica, que nos lleva 50 a√±os de ventaja en el tema. https://t.co/UY29iUnTKL","El Salvador se convierte en el segundo pa√≠s m√°s sostenible de Centroam√©rica, solo por debajo de Costa Rica, que nos lleva 50 a√±os de ventaja en el tema. https://t.co/UY29iUnTKL",FALSE,,"<a href=""http://twitter.com/download/iphone"" rel=""nofollow"">Twitter for iPhone</a>",NA,NA,NA,NA,NA,,,,NA,TRUE,1994,10187,FALSE,NA,FALSE,NA,es,FALSE,NA,152,NA,,1.60E+18,1.60241E+18,,NA,NA,NA,NA,NA,NA,NA,NA,NA,NA
nayibbukele,2022-12-12T19:39:03Z,1.60E+18,1.60239E+18,"If the main salvadoran opposition newspaper says we have an 88% approval rating, how much will it actually be? üôà https://t.co/2MijyDCJHV","If the main salvadoran opposition newspaper says we have an 88% approval rating, how much will it actually be? üôà https://t.co/2MijyDCJHV",FALSE,,"<a href=""http://twitter.com/download/iphone"" rel=""nofollow"">Twitter for iPhone</a>",NA,NA,NA,NA,NA,,,,NA,TRUE,865,4876,FALSE,NA,FALSE,NA,en,FALSE,NA,112,NA,,1.60218E+18,1.60218E+18,,NA,NA,NA,NA,NA,NA,NA,NA,NA,NA
nayibbukele,2022-12-12T14:13:41Z,1.60E+18,1.60231E+18,"Si el peri√≥dico de la oposici√≥n dice 88%, ¬øcu√°nto ser√° en realidad? üôà https://t.co/2MijyDCJHV","Si el peri√≥dico de la oposici√≥n dice 88%, ¬øcu√°nto ser√° en realidad? üôà https://t.co/2MijyDCJHV",FALSE,,"<a href=""http://twitter.com/download/iphone"" rel=""nofollow"">Twitter for iPhone</a>",NA,NA,NA,NA,NA,,,,NA,TRUE,2348,12887,FALSE,NA,FALSE,NA,es,FALSE,NA,69,NA,,1.60218E+18,1.60218E+18,,NA,NA,NA,NA,NA,NA,NA,NA,NA,NA
nayibbukele,2022-12-12T04:11:52Z,1.60215E+18,1.60215E+18,#NewAIProfilePic https://t.co/eQz0Gawqfe,#NewAIProfilePic https://t.co/eQz0Gawqfe,FALSE,,"<a href=""http://twitter.com/download/iphone"" rel=""nofollow"">Twitter for iPhone</a>",NA,NA,NA,NA,NA,,,,NA,FALSE,1892,30025,FALSE,NA,FALSE,NA,qme,FALSE,NA,16,NA,,NA,NA,,NA,NA,NA,NA,NA,NA,NA,NA,NA,NA
nayibbukele,2022-12-12T01:31:54Z,1.60E+18,1.60211E+18,"No solo Iluminamos el Camino a Surf City con la bandera de El Salvador üá∏üáª

Sino que lo hicimos sin cables, con energ√≠a 100% solar, e independiente de la red el√©ctrica ‚òÄÔ∏è‚ôªÔ∏è https://t.co/17e85oI3lI","No solo Iluminamos el Camino a Surf City con la bandera de El Salvador üá∏üáª

Sino que lo hicimos sin cables, con energ√≠a 100% solar, e independiente de la red el√©ctrica ‚òÄÔ∏è‚ôªÔ∏è https://t.co/17e85oI3lI",FALSE,,"<a href=""http://twitter.com/download/iphone"" rel=""nofollow"">Twitter for iPhone</a>",NA,NA,NA,NA,NA,,,,NA,FALSE,6307,39914,FALSE,NA,FALSE,NA,es,FALSE,NA,171,NA,,NA,NA,,NA,NA,NA,NA,NA,NA,NA,NA,NA,NA
nayibbukele,2022-12-12T00:11:21Z,1.60209E+18,1.60209E+18,"El FMLN le dec√≠a a los habitantes de El Mozote que su lucha era por ellos.

Durante 3 d√©cadas, los enga√±aron.

Luego llegaron al poder y gobernaron durante una d√©cada, pero jam√°s hicieron nada por ellos‚Ä¶

Y ahora que nosotros estamos haciendo algo, nos critican.

C√≠nicos. https://t.co/kKweZAkPpJ","El FMLN le dec√≠a a los habitantes de El Mozote que su lucha era por ellos.

Durante 3 d√©cadas, los enga√±aron.

Luego llegaron al poder y gobernaron durante una d√©cada, pero jam√°s hicieron nada por ellos‚Ä¶

Y ahora que nosotros estamos haciendo algo, nos critican.

C√≠nicos. https://t.co/kKweZAkPpJ",FALSE,,"<a href=""http://twitter.com/download/iphone"" rel=""nofollow"">Twitter for iPhone</a>",NA,NA,NA,NA,NA,,,,NA,FALSE,1771,9288,FALSE,NA,FALSE,NA,es,FALSE,NA,272,NA,,NA,NA,,NA,NA,NA,NA,NA,NA,NA,NA,NA,NA
nayibbukele,2022-12-11T04:08:26Z,1.60179E+18,1.60179E+18,"Los que siempre dijeron que luchaban por ellos, lo √∫nico que hicieron fue saquear. Ahora, los habitantes de El Mozote, de los lugares aleda√±os y las familias de las v√≠ctimas, pueden ver que este Gobierno no vino a aprovecharse de ellos, sino a reparar el da√±o que¬†otros¬†hicieron. https://t.co/0wZNB0KMdr","Los que siempre dijeron que luchaban por ellos, lo √∫nico que hicieron fue saquear. Ahora, los habitantes de El Mozote, de los lugares aleda√±os y las familias de las v√≠ctimas, pueden ver que este Gobierno no vino a aprovecharse de ellos, sino a reparar el da√±o que¬†otros¬†hicieron. https://t.co/0wZNB0KMdr",FALSE,,"<a href=""https://mobile.twitter.com"" rel=""nofollow"">Twitter Web App</a>",1.60179E+18,1.60179E+18,20736511,20736511,nayibbukele,,,,NA,FALSE,828,5184,FALSE,NA,FALSE,NA,es,FALSE,NA,279,NA,,NA,NA,,NA,NA,NA,NA,NA,NA,NA,NA,NA,NA
nayibbukele,2022-12-11T04:08:22Z,1.60179E+18,1.60179E+18,"Nosotros anunciamos una inversi√≥n hist√≥rica para este lugar: $28 millones que ser√°n todos para beneficio de los habitantes de El Mozote y zonas aleda√±as.

Esa inversi√≥n la estamos ejecutando en 4 fases. Hoy entregamos¬†la¬†primera. https://t.co/yAzJSSH1Y2","Nosotros anunciamos una inversi√≥n hist√≥rica para este lugar: $28 millones que ser√°n todos para beneficio de los habitantes de El Mozote y zonas aleda√±as.

Esa inversi√≥n la estamos ejecutando en 4 fases. Hoy entregamos¬†la¬†primera. https://t.co/yAzJSSH1Y2",FALSE,,"<a href=""https://mobile.twitter.com"" rel=""nofollow"">Twitter Web App</a>",1.60179E+18,1.60179E+18,20736511,20736511,nayibbukele,,,,NA,FALSE,789,5117,FALSE,NA,FALSE,NA,es,FALSE,NA,229,NA,,NA,NA,,NA,NA,NA,NA,NA,NA,NA,NA,NA,NA
nayibbukele,2022-12-11T04:08:20Z,1.60179E+18,1.60179E+18,"Hace un a√±o, fuimos a El Mozote a conmemorar 40 a√±os de una de las peores masacres de toda Am√©rica Latina.

En esa ocasi√≥n les recordaba que durante 4 d√©cadas, partidos pol√≠ticos y ONGs se aprovecharon de la tragedia, sin llevarles verdadera reparaci√≥n, mucho¬†menos¬†justicia. https://t.co/mToELh3Bkp","Hace un a√±o, fuimos a El Mozote a conmemorar 40 a√±os de una de las peores masacres de toda Am√©rica Latina.

En esa ocasi√≥n les recordaba que durante 4 d√©cadas, partidos pol√≠ticos y ONGs se aprovecharon de la tragedia, sin llevarles verdadera reparaci√≥n, mucho¬†menos¬†justicia. https://t.co/mToELh3Bkp",FALSE,,"<a href=""https://mobile.twitter.com"" rel=""nofollow"">Twitter Web App</a>",NA,NA,NA,NA,NA,,,,NA,FALSE,1819,9906,FALSE,NA,FALSE,NA,es,FALSE,NA,275,NA,,NA,NA,,NA,NA,NA,NA,NA,NA,NA,NA,NA,NA
nayibbukele,2022-12-10T06:21:38Z,1.60146E+18,1.60146E+18,"0 homicidios.

Los grandes medios internacionales siguen con sus ataques a nuestra #GuerraContraPandillas, pero hay 2 cosas que ya no pueden ocultar:

1. Que est√° funcionando.
2. Que los salvadore√±os est√°n felices con su implementaci√≥n.

Nosotros seguimos‚Ä¶ https://t.co/bqMzZxAhLD","0 homicidios.

Los grandes medios internacionales siguen con sus ataques a nuestra #GuerraContraPandillas, pero hay 2 cosas que ya no pueden ocultar:

1. Que est√° funcionando.
2. Que los salvadore√±os est√°n felices con su implementaci√≥n.

Nosotros seguimos‚Ä¶ https://t.co/bqMzZxAhLD",FALSE,,"<a href=""http://twitter.com/download/iphone"" rel=""nofollow"">Twitter for iPhone</a>",NA,NA,NA,NA,NA,,,,NA,TRUE,2867,13484,FALSE,NA,FALSE,NA,es,FALSE,NA,256,NA,,1.60146E+18,1.60146E+18,,NA,NA,NA,NA,NA,NA,NA,NA,NA,NA
nayibbukele,2022-12-10T01:15:24Z,1.60E+18,1.60139E+18,"Et tu, @dw_espanol? https://t.co/jaUAaUJlmY","Et tu, @dw_espanol? https://t.co/jaUAaUJlmY",FALSE,,"<a href=""https://studio.twitter.com"" rel=""nofollow"">Twitter Media Studio</a>",NA,NA,NA,NA,NA,,,,NA,FALSE,2656,12803,FALSE,NA,FALSE,NA,fr,FALSE,NA,19,NA,,NA,NA,,NA,NA,NA,NA,NA,NA,NA,NA,NA,NA
nayibbukele,2022-12-09T13:34:10Z,1.60121E+18,1.60121E+18,‚ÄúAqu√≠ el pa√≠s se respeta‚Äù. https://t.co/PGVOVO1EeX,‚ÄúAqu√≠ el pa√≠s se respeta‚Äù. https://t.co/PGVOVO1EeX,FALSE,,"<a href=""http://twitter.com/download/iphone"" rel=""nofollow"">Twitter for iPhone</a>",NA,NA,NA,NA,NA,,,,NA,TRUE,3570,19059,FALSE,NA,FALSE,NA,es,FALSE,NA,26,NA,,1.60091E+18,1.60091E+18,,NA,NA,NA,NA,NA,NA,NA,NA,NA,NA
nayibbukele,2022-12-09T06:41:27Z,1.60E+18,1.6011E+18,"0 homicidios.

Est√° claro que los que se oponen a esto, est√°n en contra de los derechos humanos, de los salvadore√±os, de la paz, de la libertad y de la justicia.

Pero aunque se opongan, nos ataquen y nos sancionen, nosotros seguimos‚Ä¶

#GuerraContraPandillas https://t.co/qO1wIw5PDl","0 homicidios.

Est√° claro que los que se oponen a esto, est√°n en contra de los derechos humanos, de los salvadore√±os, de la paz, de la libertad y de la justicia.

Pero aunque se opongan, nos ataquen y nos sancionen, nosotros seguimos‚Ä¶

#GuerraContraPandillas https://t.co/qO1wIw5PDl",FALSE,,"<a href=""http://twitter.com/download/iphone"" rel=""nofollow"">Twitter for iPhone</a>",NA,NA,NA,NA,NA,,,,NA,TRUE,2033,10632,FALSE,NA,FALSE,NA,es,FALSE,NA,258,NA,,1.60E+18,1.6011E+18,,NA,NA,NA,NA,NA,NA,NA,NA,NA,NA
nayibbukele,2022-12-09T01:19:30Z,1.60E+18,1.60102E+18,"El Salvador est√° cambiando.

Paso a paso‚Ä¶ https://t.co/iD6oTjK1sA","El Salvador est√° cambiando.

Paso a paso‚Ä¶ https://t.co/iD6oTjK1sA",FALSE,,"<a href=""http://twitter.com/download/iphone"" rel=""nofollow"">Twitter for iPhone</a>",NA,NA,NA,NA,NA,,,,NA,TRUE,1232,8054,FALSE,NA,FALSE,NA,es,FALSE,NA,41,NA,,1.60E+18,1.60101E+18,,NA,NA,NA,NA,NA,NA,NA,NA,NA,NA
nayibbukele,2022-12-08T22:45:36Z,1.60098E+18,1.60098E+18,"Es un esquema perverso.

Estos organismos tienen intereses invertidos en que siga el ba√±o de sangre en Latinoam√©rica.

Atacan a quienes luchan contra el crimen y el terrorismo, mientras promueven formas para que los criminales y terroristas accedan o vuelvan al poder pol√≠tico. https://t.co/BYFqERfKxD","Es un esquema perverso.

Estos organismos tienen intereses invertidos en que siga el ba√±o de sangre en Latinoam√©rica.

Atacan a quienes luchan contra el crimen y el terrorismo, mientras promueven formas para que los criminales y terroristas accedan o vuelvan al poder pol√≠tico. https://t.co/BYFqERfKxD",FALSE,,"<a href=""http://twitter.com/download/iphone"" rel=""nofollow"">Twitter for iPhone</a>",NA,NA,NA,NA,NA,,,,NA,TRUE,4289,15904,FALSE,NA,FALSE,NA,es,FALSE,NA,277,NA,,1.60E+18,1.60092E+18,,NA,NA,NA,NA,NA,NA,NA,NA,NA,NA
nayibbukele,2022-12-08T18:11:55Z,1.60E+18,1.60092E+18,"¬øHan notado como los grandes medios y las ONGs han arreciado sus ataques en los √∫ltimos d√≠as?

Aqu√≠ est√° la raz√≥n. No es que les interese El Salvador (nunca les interes√≥), su temor es que tengamos √©xito, porque otros gobiernos querr√°n imitarlo.

Temen al poder del ejemplo. https://t.co/0MyhrnqJ5r","¬øHan notado como los grandes medios y las ONGs han arreciado sus ataques en los √∫ltimos d√≠as?

Aqu√≠ est√° la raz√≥n. No es que les interese El Salvador (nunca les interes√≥), su temor es que tengamos √©xito, porque otros gobiernos querr√°n imitarlo.

Temen al poder del ejemplo. https://t.co/0MyhrnqJ5r",FALSE,,"<a href=""http://twitter.com/download/iphone"" rel=""nofollow"">Twitter for iPhone</a>",NA,NA,NA,NA,NA,,,,NA,TRUE,8156,30418,FALSE,NA,FALSE,NA,es,FALSE,NA,273,NA,,1.60014E+18,1.60014E+18,,NA,NA,NA,NA,NA,NA,NA,NA,NA,NA
nayibbukele,2022-12-08T01:19:46Z,1.60066E+18,1.60066E+18,"El Salvador complet√≥ la segunda recompra de sus bonos soberanos con vencimiento en 2023 y 2025; adquiriendo en ambas operaciones bonos por m√°s de $647 millones ($74 millones en esta operaci√≥n).

Generando m√°s de $288 millones en ahorro para nuestro pa√≠s üá∏üáªhttps://t.co/NoVtotHnet","El Salvador complet√≥ la segunda recompra de sus bonos soberanos con vencimiento en 2023 y 2025; adquiriendo en ambas operaciones bonos por m√°s de $647 millones ($74 millones en esta operaci√≥n).

Generando m√°s de $288 millones en ahorro para nuestro pa√≠s üá∏üáªhttps://t.co/NoVtotHnet",FALSE,,"<a href=""http://twitter.com/download/iphone"" rel=""nofollow"">Twitter for iPhone</a>",NA,NA,NA,NA,NA,,,,NA,FALSE,1294,7378,FALSE,NA,FALSE,NA,es,FALSE,NA,279,NA,,NA,NA,,NA,NA,NA,NA,NA,NA,NA,NA,NA,NA
nayibbukele,2022-12-08T01:16:41Z,1.60066E+18,1.60066E+18,"El Salvador has completed the second repurchase of its sovereign bonds maturing in 2023 and 2025; acquiring in both operations bonds for more than $647 million ($74 million in this operation).

Generating more than $288 million in savings for our country üá∏üáªhttps://t.co/NoVtotHnet","El Salvador has completed the second repurchase of its sovereign bonds maturing in 2023 and 2025; acquiring in both operations bonds for more than $647 million ($74 million in this operation).

Generating more than $288 million in savings for our country üá∏üáªhttps://t.co/NoVtotHnet",FALSE,,"<a href=""http://twitter.com/download/iphone"" rel=""nofollow"">Twitter for iPhone</a>",NA,NA,NA,NA,NA,,,,NA,FALSE,799,4863,FALSE,NA,FALSE,NA,en,FALSE,NA,280,NA,,NA,NA,,NA,NA,NA,NA,NA,NA,NA,NA,NA,NA
nayibbukele,2022-12-07T22:34:36Z,1.60062E+18,1.60062E+18,Pase adelante‚Ä¶ https://t.co/VnBQRuzdap,Pase adelante‚Ä¶ https://t.co/VnBQRuzdap,FALSE,,"<a href=""http://twitter.com/download/iphone"" rel=""nofollow"">Twitter for iPhone</a>",NA,NA,NA,NA,NA,,,,NA,TRUE,2393,15978,FALSE,NA,FALSE,NA,pt,FALSE,NA,14,NA,,1.60049E+18,1.60049E+18,,NA,NA,NA,NA,NA,NA,NA,NA,NA,NA
nayibbukele,2022-12-07T20:14:49Z,1.60058E+18,1.60058E+18,No. https://t.co/28RucSubep,No. https://t.co/28RucSubep,FALSE,,"<a href=""http://twitter.com/download/iphone"" rel=""nofollow"">Twitter for iPhone</a>",NA,NA,NA,NA,NA,,,,NA,TRUE,3933,26831,FALSE,NA,FALSE,NA,qst,FALSE,NA,3,NA,,1.60053E+18,1.60053E+18,,NA,NA,NA,NA,NA,NA,NA,NA,NA,NA
nayibbukele,2022-12-07T06:05:34Z,1.60037E+18,1.60037E+18,"Diciembre cierra su sexto d√≠a. Todos ellos sin homicidios.

Gracias a Dios.

#GuerraContraPandillas https://t.co/TqIZ8wf7tB","Diciembre cierra su sexto d√≠a. Todos ellos sin homicidios.

Gracias a Dios.

#GuerraContraPandillas https://t.co/TqIZ8wf7tB",FALSE,,"<a href=""http://twitter.com/download/iphone"" rel=""nofollow"">Twitter for iPhone</a>",NA,NA,NA,NA,NA,,,,NA,TRUE,1302,9029,FALSE,NA,FALSE,NA,es,FALSE,NA,99,NA,,1.60037E+18,1.60037E+18,,NA,NA,NA,NA,NA,NA,NA,NA,NA,NA
nayibbukele,2022-12-07T02:57:40Z,1.60032E+18,1.60032E+18,"¬°Feliz aniversario mi amor! ‚ù§Ô∏è 

A veces se siente como si fuera ayer‚Ä¶

Pero cuando pienso en tooooooodo lo que hemos vivido juntos, me doy cuenta de que hemos aprovechado el tiempo üòÇ

Dios nos regale felicidad durante muchos a√±os m√°s.

Te amo. https://t.co/5yyvfEEOCR","¬°Feliz aniversario mi amor! ‚ù§Ô∏è 

A veces se siente como si fuera ayer‚Ä¶

Pero cuando pienso en tooooooodo lo que hemos vivido juntos, me doy cuenta de que hemos aprovechado el tiempo üòÇ

Dios nos regale felicidad durante muchos a√±os m√°s.

Te amo. https://t.co/5yyvfEEOCR",FALSE,,"<a href=""http://twitter.com/download/iphone"" rel=""nofollow"">Twitter for iPhone</a>",NA,NA,NA,NA,NA,,,,NA,FALSE,4138,62748,FALSE,NA,FALSE,NA,es,FALSE,NA,244,NA,,NA,NA,,NA,NA,NA,NA,NA,NA,NA,NA,NA,NA
nayibbukele,2022-12-06T06:09:02Z,1.60001E+18,1.60001E+18,"Diciembre cierra su quinto d√≠a. Todos ellos sin homicidios.

Gracias a Dios.

#GuerraContraPandillas https://t.co/ilXrNH20Eo","Diciembre cierra su quinto d√≠a. Todos ellos sin homicidios.

Gracias a Dios.

#GuerraContraPandillas https://t.co/ilXrNH20Eo",FALSE,,"<a href=""http://twitter.com/download/iphone"" rel=""nofollow"">Twitter for iPhone</a>",NA,NA,NA,NA,NA,,,,NA,TRUE,1390,9481,FALSE,NA,FALSE,NA,es,FALSE,NA,100,NA,,1.60001E+18,1.60001E+18,,NA,NA,NA,NA,NA,NA,NA,NA,NA,NA
nayibbukele,2022-12-06T02:19:13Z,1.59995E+18,1.59995E+18,Iluminamos el Camino a Surf City con la bandera de El Salvador üá∏üáª https://t.co/b9kvrmLIr8,Iluminamos el Camino a Surf City con la bandera de El Salvador üá∏üáª https://t.co/b9kvrmLIr8,FALSE,,"<a href=""http://twitter.com/download/iphone"" rel=""nofollow"">Twitter for iPhone</a>",NA,NA,NA,NA,NA,,,,NA,FALSE,3339,28524,FALSE,NA,FALSE,NA,es,FALSE,NA,65,NA,,NA,NA,,NA,NA,NA,NA,NA,NA,NA,NA,NA,NA
nayibbukele,2022-12-05T14:30:54Z,1.59977E+18,1.59977E+18,"Por cierto, nunca en la historia de nuestro pa√≠s, se hab√≠a logrado concentrar una cantidad as√≠ de tropas.

La movilizaci√≥n de una divisi√≥n completa del ej√©rcito s√≥lo estaba en manuales, pero jam√°s se hab√≠a hecho en El Salvador.

Este tambi√©n es un logro log√≠stico sin precedentes. https://t.co/LBxizEI3LC","Por cierto, nunca en la historia de nuestro pa√≠s, se hab√≠a logrado concentrar una cantidad as√≠ de tropas.

La movilizaci√≥n de una divisi√≥n completa del ej√©rcito s√≥lo estaba en manuales, pero jam√°s se hab√≠a hecho en El Salvador.

Este tambi√©n es un logro log√≠stico sin precedentes. https://t.co/LBxizEI3LC",FALSE,,"<a href=""http://twitter.com/download/iphone"" rel=""nofollow"">Twitter for iPhone</a>",NA,NA,NA,NA,NA,,,,NA,TRUE,2946,18497,FALSE,NA,FALSE,NA,es,FALSE,NA,280,NA,,1.59959E+18,1.59959E+18,,NA,NA,NA,NA,NA,NA,NA,NA,NA,NA
nayibbukele,2022-12-05T06:07:34Z,1.59965E+18,1.59965E+18,"Diciembre cierra su cuarto d√≠a. Todos sin homicidios.

Gracias a Dios.

#GuerraContraPandillas https://t.co/ARWgj6CIx1","Diciembre cierra su cuarto d√≠a. Todos sin homicidios.

Gracias a Dios.

#GuerraContraPandillas https://t.co/ARWgj6CIx1",FALSE,,"<a href=""http://twitter.com/download/iphone"" rel=""nofollow"">Twitter for iPhone</a>",NA,NA,NA,NA,NA,,,,NA,TRUE,1342,9275,FALSE,NA,FALSE,NA,es,FALSE,NA,94,NA,,1.59965E+18,1.59965E+18,,NA,NA,NA,NA,NA,NA,NA,NA,NA,NA
nayibbukele,2022-12-05T02:38:52Z,1.59959E+18,1.59959E+18,"El municipio de Soyapango, el m√°s poblado de nuestro pa√≠s, est√° totalmente cercado desde ayer en la madrugada.

En menos de 48 horas, m√°s de 140 pandilleros han sido arrestados dentro del cerco. 

El Control Territorial ya es totalmente del Estado. https://t.co/JI81dCZXnq","El municipio de Soyapango, el m√°s poblado de nuestro pa√≠s, est√° totalmente cercado desde ayer en la madrugada.

En menos de 48 horas, m√°s de 140 pandilleros han sido arrestados dentro del cerco. 

El Control Territorial ya es totalmente del Estado. https://t.co/JI81dCZXnq",FALSE,,"<a href=""https://studio.twitter.com"" rel=""nofollow"">Twitter Media Studio</a>",NA,NA,NA,NA,NA,,,,NA,FALSE,7447,43243,FALSE,NA,FALSE,NA,es,FALSE,NA,248,NA,,NA,NA,,NA,NA,NA,NA,NA,NA,NA,NA,NA,NA
nayibbukele,2022-12-04T23:23:31Z,1.59954E+18,1.59954E+18,"This article is full of lies, which is standard for Bloomberg‚Ä¶

But what is most surprising is how the mainstream media suddenly cares so much about El Salvador.

Corrupt politicians plundered 37 billion dollars from our state coffers and they never wrote one single article. https://t.co/bAf3tfKxIV","This article is full of lies, which is standard for Bloomberg‚Ä¶

But what is most surprising is how the mainstream media suddenly cares so much about El Salvador.

Corrupt politicians plundered 37 billion dollars from our state coffers and they never wrote one single article. https://t.co/bAf3tfKxIV",FALSE,,"<a href=""http://twitter.com/download/iphone"" rel=""nofollow"">Twitter for iPhone</a>",NA,NA,NA,NA,NA,,,,NA,TRUE,3310,16771,FALSE,NA,FALSE,NA,en,FALSE,NA,275,NA,,1.59907E+18,1.59907E+18,,NA,NA,NA,NA,NA,NA,NA,NA,NA,NA
