created_at,id,id_str,text,full_text,truncated,entities,source,in_reply_to_status_id,in_reply_to_status_id_str,in_reply_to_user_id,in_reply_to_user_id_str,in_reply_to_screen_name,geo,coordinates,place,contributors,is_quote_status,retweet_count,favorite_count,favorited,favorited_by,retweeted,scopes,lang,possibly_sensitive,display_text_width,display_text_range,retweeted_status,quoted_status,quoted_status_id,quoted_status_id_str,quoted_status_permalink,quote_count,timestamp_ms,reply_count,filter_level,metadata,query,withheld_scope,withheld_copyright,withheld_in_countries,possibly_sensitive_appealable
2023-02-04T20:24:04Z,1621967848468881400,1621967848468881413,Nada de lo que digo en el video es lo que dice este trino https://t.co/kxu4N0Q0IS,Nada de lo que digo en el video es lo que dice este trino https://t.co/kxu4N0Q0IS,FALSE,,"<a href=""http://twitter.com/download/android"" rel=""nofollow"">Twitter for Android</a>",NA,NA,NA,NA,NA,,,,NA,TRUE,844,1911,FALSE,NA,FALSE,NA,es,FALSE,NA,57,NA,,1621967119343665200,1621967119343665152,,NA,NA,NA,NA,NA,NA,NA,NA,NA,NA
2023-02-04T17:29:10Z,1621923832226365400,1621923832226365444,Van en mi gobierno casi 400.000 hectáreas de tierra constituidas como zonas de reserva campesina. https://t.co/aFKZoXaEMb,Van en mi gobierno casi 400.000 hectáreas de tierra constituidas como zonas de reserva campesina. https://t.co/aFKZoXaEMb,FALSE,,"<a href=""http://twitter.com/download/android"" rel=""nofollow"">Twitter for Android</a>",NA,NA,NA,NA,NA,,,,NA,TRUE,666,1656,FALSE,NA,FALSE,NA,es,FALSE,NA,97,NA,,1621902742494085e3,1621902742494085122,,NA,NA,NA,NA,NA,NA,NA,NA,NA,NA
2023-02-04T16:04:09Z,1621902438813864e3,1621902438813863938,"Me gusta un gobierno al lado de los movimientos sociales. Una sociedad movilizada y un gobierno movilizador. Sociedad que se mueve, sociedad que está viva https://t.co/c205n0hiDv","Me gusta un gobierno al lado de los movimientos sociales. Una sociedad movilizada y un gobierno movilizador. Sociedad que se mueve, sociedad que está viva https://t.co/c205n0hiDv",FALSE,,"<a href=""http://twitter.com/download/android"" rel=""nofollow"">Twitter for Android</a>",NA,NA,NA,NA,NA,,,,NA,TRUE,1305,4003,FALSE,NA,FALSE,NA,es,FALSE,NA,154,NA,,1621882976521932800,1621882976521932804,,NA,NA,NA,NA,NA,NA,NA,NA,NA,NA
2023-02-04T14:52:11Z,1621884326727090200,1621884326727090176,"Felicitaciones.

Declaramos la reserva campesina del Sumapaz.

Casi un siglo de luchas agrarias se coronan con este triunfo del campesinado. https://t.co/bYzSeFgf2t","Felicitaciones.

Declaramos la reserva campesina del Sumapaz.

Casi un siglo de luchas agrarias se coronan con este triunfo del campesinado. https://t.co/bYzSeFgf2t",FALSE,,"<a href=""http://twitter.com/download/android"" rel=""nofollow"">Twitter for Android</a>",NA,NA,NA,NA,NA,,,,NA,TRUE,504,1454,FALSE,NA,FALSE,NA,es,FALSE,NA,140,NA,,1621831691638657e3,1621831691638657024,,NA,NA,NA,NA,NA,NA,NA,NA,NA,NA
2023-02-04T14:19:33Z,1621876114502156300,1621876114502156289,"Bogotá se merece el mejor metro posible hoy. Soy guardian del dinero público nacional y con el financiaremos obras que de verdad lleven calidad de vida a la gente. 

Me afanas para malversar, no lo haré. https://t.co/Mm2OPZqaAR","Bogotá se merece el mejor metro posible hoy. Soy guardian del dinero público nacional y con el financiaremos obras que de verdad lleven calidad de vida a la gente. 

Me afanas para malversar, no lo haré. https://t.co/Mm2OPZqaAR",FALSE,,"<a href=""http://twitter.com/download/android"" rel=""nofollow"">Twitter for Android</a>",NA,NA,NA,NA,NA,,,,NA,TRUE,1217,3693,FALSE,NA,FALSE,NA,es,FALSE,NA,203,NA,,1621553327333933e3,1621553327333933056,,NA,NA,NA,NA,NA,NA,NA,NA,NA,NA
2023-02-04T14:17:12Z,1621875523214315500,1621875523214315523,"La crisis redescubre a Tumaco. La carretera a Pasto, la reubicación, el dragado del puerto en curso, la apertura a Ecuador, la sustitución productiva de cultivos ilegales, la educación superior.

Vamos con Tumaco y el Pacífico. https://t.co/dUTs9X9YlT","La crisis redescubre a Tumaco. La carretera a Pasto, la reubicación, el dragado del puerto en curso, la apertura a Ecuador, la sustitución productiva de cultivos ilegales, la educación superior.

Vamos con Tumaco y el Pacífico. https://t.co/dUTs9X9YlT",FALSE,,"<a href=""http://twitter.com/download/android"" rel=""nofollow"">Twitter for Android</a>",NA,NA,NA,NA,NA,,,,NA,TRUE,464,1145,FALSE,NA,FALSE,NA,es,FALSE,NA,227,NA,,1621557447361003500,1621557447361003521,,NA,NA,NA,NA,NA,NA,NA,NA,NA,NA
2023-02-04T13:53:13Z,1621869487887728600,1621869487887728641,"Siempre en este gobierno habrá dialogo, se escuchará, se construirán bienes comunes, proyectos conjuntos. Pero siempre nuestra construcción colectiva girará alrededor del interés general y la justicia social.

Mi reunión con German Arce presidente del Consejo Gremial. https://t.co/3DfMNhiXj7","Siempre en este gobierno habrá dialogo, se escuchará, se construirán bienes comunes, proyectos conjuntos. Pero siempre nuestra construcción colectiva girará alrededor del interés general y la justicia social.

Mi reunión con German Arce presidente del Consejo Gremial. https://t.co/3DfMNhiXj7",FALSE,,"<a href=""http://twitter.com/download/android"" rel=""nofollow"">Twitter for Android</a>",NA,NA,NA,NA,NA,,,,NA,TRUE,283,816,FALSE,NA,FALSE,NA,es,FALSE,NA,268,NA,,1621580729284018200,1621580729284018177,,NA,NA,NA,NA,NA,NA,NA,NA,NA,NA
2023-02-04T13:49:30Z,1621868551136059400,1621868551136059398,"M último debate en el Senado de la República.

El entrampamiento a la paz que hizo la fiscalía de Nestor Humberto Martínez

https://t.co/NGBBTjcjWq","M último debate en el Senado de la República.

El entrampamiento a la paz que hizo la fiscalía de Nestor Humberto Martínez

https://t.co/NGBBTjcjWq",FALSE,,"<a href=""http://twitter.com/download/android"" rel=""nofollow"">Twitter for Android</a>",NA,NA,NA,NA,NA,,,,NA,FALSE,732,1522,FALSE,NA,FALSE,NA,es,FALSE,NA,147,NA,,NA,NA,,NA,NA,NA,NA,NA,NA,NA,NA,NA,NA
2023-02-04T13:42:05Z,1621866685203447800,1621866685203447808,"Como pueden engañar así a la gente. Toda persona que conozca Paris sabe que su metro es mayoritariamente subterraneo. Que esa ha sido al decisión de esa ciudad para ampliar sus espacios de circulación, de parques y de peatones. Su calidad de vida. https://t.co/byYbgaNDiW","Como pueden engañar así a la gente. Toda persona que conozca Paris sabe que su metro es mayoritariamente subterraneo. Que esa ha sido al decisión de esa ciudad para ampliar sus espacios de circulación, de parques y de peatones. Su calidad de vida. https://t.co/byYbgaNDiW",FALSE,,"<a href=""http://twitter.com/download/android"" rel=""nofollow"">Twitter for Android</a>",NA,NA,NA,NA,NA,,,,NA,TRUE,1248,4010,FALSE,NA,FALSE,NA,es,FALSE,NA,247,NA,,1621597102630469600,1621597102630469634,,NA,NA,NA,NA,NA,NA,NA,NA,NA,NA
2023-02-04T13:33:11Z,1621864445432438800,1621864445432438784,"El país que permitió el genocidio de la UP aún está entre nosotros, aún aplaude la muerte y predica el sectarismo y el odio.

La idea de una Colombia en paz, democrática y justa aún suena extraña.

Pero hoy es mayoría y le da fuerza a nuestra lucha.
 https://t.co/KcjJY8PJs5","El país que permitió el genocidio de la UP aún está entre nosotros, aún aplaude la muerte y predica el sectarismo y el odio.

La idea de una Colombia en paz, democrática y justa aún suena extraña.

Pero hoy es mayoría y le da fuerza a nuestra lucha.
 https://t.co/KcjJY8PJs5",FALSE,,"<a href=""http://twitter.com/download/android"" rel=""nofollow"">Twitter for Android</a>",NA,NA,NA,NA,NA,,,,NA,FALSE,601,1597,FALSE,NA,FALSE,NA,es,FALSE,NA,274,NA,,NA,NA,,NA,NA,NA,NA,NA,NA,NA,NA,NA,NA
2023-02-04T13:16:52Z,1621860338877534200,1621860338877534209,"Aquí se explica por la ministra de salud @carolinacorcho el proyecto de reforma a la salud para que usted se forme una opinión con la información adecuada.
 https://t.co/W9fMXz0Ujd","Aquí se explica por la ministra de salud @carolinacorcho el proyecto de reforma a la salud para que usted se forme una opinión con la información adecuada.
 https://t.co/W9fMXz0Ujd",FALSE,,"<a href=""http://twitter.com/download/android"" rel=""nofollow"">Twitter for Android</a>",NA,NA,NA,NA,NA,,,,NA,FALSE,1328,2579,FALSE,NA,FALSE,NA,es,FALSE,NA,180,NA,,NA,NA,,NA,NA,NA,NA,NA,NA,NA,NA,NA,NA
2023-02-04T12:54:21Z,1621854674436358100,1621854674436358145,"Les entrego el programa que inscribí con Francia en la registrasduría y que recibió once millones y medio de votos. 

Mi actividad como presidente ha sido coherente con este programa. Pueden ustedes consultarlo.

https://t.co/KAHaqznpRk","Les entrego el programa que inscribí con Francia en la registrasduría y que recibió once millones y medio de votos. 

Mi actividad como presidente ha sido coherente con este programa. Pueden ustedes consultarlo.

https://t.co/KAHaqznpRk",FALSE,,"<a href=""http://twitter.com/download/android"" rel=""nofollow"">Twitter for Android</a>",NA,NA,NA,NA,NA,,,,NA,FALSE,1831,5043,FALSE,NA,FALSE,NA,es,FALSE,NA,236,NA,,NA,NA,,NA,NA,NA,NA,NA,NA,NA,NA,NA,NA
2023-02-04T05:55:03Z,1621749154883018800,1621749154883018752,¿Y que dirán nuestros críticos? Le entregamos al mundo una noticia: somos capaces de aportarle a la vida de la humanidad recuperar la selva amazónica. https://t.co/bND5bboxkH,¿Y que dirán nuestros críticos? Le entregamos al mundo una noticia: somos capaces de aportarle a la vida de la humanidad recuperar la selva amazónica. https://t.co/bND5bboxkH,FALSE,,"<a href=""http://twitter.com/download/android"" rel=""nofollow"">Twitter for Android</a>",NA,NA,NA,NA,NA,,,,NA,TRUE,1295,3802,FALSE,NA,FALSE,NA,es,FALSE,NA,150,NA,,1621747956830314500,1621747956830314496,,NA,NA,NA,NA,NA,NA,NA,NA,NA,NA
2023-02-04T01:00:32Z,1621675036565295e3,1621675036565295106,"Mis palabras ante miles de campesinos y campesinas de los páramos

https://t.co/uKTtzmX7VM","Mis palabras ante miles de campesinos y campesinas de los páramos

https://t.co/uKTtzmX7VM",FALSE,,"<a href=""http://twitter.com/download/android"" rel=""nofollow"">Twitter for Android</a>",NA,NA,NA,NA,NA,,,,NA,FALSE,935,2421,FALSE,NA,FALSE,NA,es,FALSE,NA,90,NA,,NA,NA,,NA,NA,NA,NA,NA,NA,NA,NA,NA,NA
2023-02-04T00:52:41Z,1621673059890471e3,1621673059890470912,"Mi último debate en el senado: el papel de la fiscalía en el entrampamiento de la paz que firmó el Estado colombiano.

El entrampamiento a la paz nos mantiene hoy en la violencia. https://t.co/JcGjsAw8rw","Mi último debate en el senado: el papel de la fiscalía en el entrampamiento de la paz que firmó el Estado colombiano.

El entrampamiento a la paz nos mantiene hoy en la violencia. https://t.co/JcGjsAw8rw",FALSE,,"<a href=""http://twitter.com/download/android"" rel=""nofollow"">Twitter for Android</a>",NA,NA,NA,NA,NA,,,,NA,TRUE,773,1701,FALSE,NA,FALSE,NA,es,FALSE,NA,179,NA,,1621663218362974200,1621663218362974208,,NA,NA,NA,NA,NA,NA,NA,NA,NA,NA
2023-02-04T00:46:59Z,1621671623920066600,1621671623920066560,Miles de campesinos de los paramos se constituyen en su fuerza guardiana y productiva. https://t.co/cqLoYuPVki,Miles de campesinos de los paramos se constituyen en su fuerza guardiana y productiva. https://t.co/cqLoYuPVki,FALSE,,"<a href=""http://twitter.com/download/android"" rel=""nofollow"">Twitter for Android</a>",NA,NA,NA,NA,NA,,,,NA,FALSE,861,2748,FALSE,NA,FALSE,NA,es,FALSE,NA,86,NA,,NA,NA,,NA,NA,NA,NA,NA,NA,NA,NA,NA,NA
2023-02-04T00:15:06Z,1621663602234036200,1621663602234036231,Firmado acuerdo para la protección de inversiones entre la República Bolivariana de Venezuela y la República de Colombia. https://t.co/fz8U1mP3tD,Firmado acuerdo para la protección de inversiones entre la República Bolivariana de Venezuela y la República de Colombia. https://t.co/fz8U1mP3tD,FALSE,,"<a href=""http://twitter.com/download/android"" rel=""nofollow"">Twitter for Android</a>",NA,NA,NA,NA,NA,,,,NA,TRUE,577,1628,FALSE,NA,FALSE,NA,es,FALSE,NA,121,NA,,1621658290378653700,1621658290378653698,,NA,NA,NA,NA,NA,NA,NA,NA,NA,NA
2023-02-03T20:22:04Z,1621604957135769600,1621604957135769601,"Con el campesinado de los páramos de Colombia en Málaga, Santander. https://t.co/iBjQp4rTWB","Con el campesinado de los páramos de Colombia en Málaga, Santander. https://t.co/iBjQp4rTWB",FALSE,,"<a href=""http://twitter.com/download/android"" rel=""nofollow"">Twitter for Android</a>",NA,NA,NA,NA,NA,,,,NA,FALSE,839,2773,FALSE,NA,FALSE,NA,es,FALSE,NA,67,NA,,NA,NA,,NA,NA,NA,NA,NA,NA,NA,NA,NA,NA
2023-02-03T20:15:56Z,1621603415343120400,1621603415343120386,Mi trino del 2019. https://t.co/BEgnkSmfW1,Mi trino del 2019. https://t.co/BEgnkSmfW1,FALSE,,"<a href=""http://twitter.com/download/android"" rel=""nofollow"">Twitter for Android</a>",NA,NA,NA,NA,NA,,,,NA,TRUE,1706,4534,FALSE,NA,FALSE,NA,es,FALSE,NA,18,NA,,116122654101726e4,1161226541017260032,,NA,NA,NA,NA,NA,NA,NA,NA,NA,NA
2023-02-03T20:14:41Z,1621603097750507500,1621603097750507523,Nunca hemos dicho que el.proyecto de reforma a la salud tenga mensaje de urgencia https://t.co/wmvq9tSVW0,Nunca hemos dicho que el.proyecto de reforma a la salud tenga mensaje de urgencia https://t.co/wmvq9tSVW0,FALSE,,"<a href=""http://twitter.com/download/android"" rel=""nofollow"">Twitter for Android</a>",NA,NA,NA,NA,NA,,,,NA,TRUE,1019,2531,FALSE,NA,FALSE,NA,es,FALSE,NA,81,NA,,1621602600146583600,1621602600146583553,,NA,NA,NA,NA,NA,NA,NA,NA,NA,NA
2023-02-03T19:55:58Z,1621598389191286800,1621598389191286785,"Esta es la tasa de mortalidad materna, uno de los indicadores claves para calificar un sistema de salud a nivel mundial.

Somos el último lugar y de lejos en la OCDE

Se debe a la ausencia de un sistema preventivo y de atención primaria en Colombia. https://t.co/NUwZKfNU78","Esta es la tasa de mortalidad materna, uno de los indicadores claves para calificar un sistema de salud a nivel mundial.

Somos el último lugar y de lejos en la OCDE

Se debe a la ausencia de un sistema preventivo y de atención primaria en Colombia. https://t.co/NUwZKfNU78",FALSE,,"<a href=""http://twitter.com/download/android"" rel=""nofollow"">Twitter for Android</a>",NA,NA,NA,NA,NA,,,,NA,FALSE,2293,4792,FALSE,NA,FALSE,NA,es,FALSE,NA,249,NA,,NA,NA,,NA,NA,NA,NA,NA,NA,NA,NA,NA,NA
2023-02-03T19:45:29Z,1621595751464767500,1621595751464767488,"Voy a Malaga, Santander, para reunirme con la población campesina de los páramos de Colombia. https://t.co/BgK9QGeRLQ","Voy a Malaga, Santander, para reunirme con la población campesina de los páramos de Colombia. https://t.co/BgK9QGeRLQ",FALSE,,"<a href=""http://twitter.com/download/android"" rel=""nofollow"">Twitter for Android</a>",NA,NA,NA,NA,NA,,,,NA,TRUE,621,1815,FALSE,NA,FALSE,NA,es,FALSE,NA,93,NA,,1621537492418662400,1621537492418662405,,NA,NA,NA,NA,NA,NA,NA,NA,NA,NA
2023-02-03T18:44:15Z,1621580339675029500,1621580339675029504,Toda mi solidaridad al periodista Gonzalo Guillén. Espero que Colombia sea espacio de la libertad de prensa. https://t.co/TMdVrKBZxH,Toda mi solidaridad al periodista Gonzalo Guillén. Espero que Colombia sea espacio de la libertad de prensa. https://t.co/TMdVrKBZxH,FALSE,,"<a href=""http://twitter.com/download/android"" rel=""nofollow"">Twitter for Android</a>",NA,NA,NA,NA,NA,,,,NA,FALSE,1759,4392,FALSE,NA,FALSE,NA,es,FALSE,NA,108,NA,,NA,NA,,NA,NA,NA,NA,NA,NA,NA,NA,NA,NA
2023-02-03T13:26:41Z,1621500422786809900,1621500422786809857,"Les solicito el favor de hacerle un RT a este mensaje. Nos toca irradiar la información progresista lo más que podamos para cambiar a Colombia. Que desde hoy, cada constructor o constructora del cambio, sea un comunicador o una comunicadora social.","Les solicito el favor de hacerle un RT a este mensaje. Nos toca irradiar la información progresista lo más que podamos para cambiar a Colombia. Que desde hoy, cada constructor o constructora del cambio, sea un comunicador o una comunicadora social.",FALSE,,"<a href=""http://twitter.com/download/android"" rel=""nofollow"">Twitter for Android</a>",1621484791915765800,1621484791915765764,49849732,49849732,petrogustavo,,,,NA,FALSE,4923,6644,FALSE,NA,FALSE,NA,es,NA,NA,248,NA,,NA,NA,,NA,NA,NA,NA,NA,NA,NA,NA,NA,NA
2023-02-03T13:19:19Z,1621498567952146400,1621498567952146432,"Se que lo que debió ser el gran escandalo: Botar los estudios terminados del metro subterraneo de Bogotá, pero fue un gran silencio; ahora si será el gran escándalo solo porque intentamos recuperar parte de esos estudios y transformar un proyecto en bien de toda Bogotá.","Se que lo que debió ser el gran escandalo: Botar los estudios terminados del metro subterraneo de Bogotá, pero fue un gran silencio; ahora si será el gran escándalo solo porque intentamos recuperar parte de esos estudios y transformar un proyecto en bien de toda Bogotá.",FALSE,,"<a href=""http://twitter.com/download/android"" rel=""nofollow"">Twitter for Android</a>",NA,NA,NA,NA,NA,,,,NA,FALSE,5596,17516,FALSE,NA,FALSE,NA,es,NA,NA,270,NA,,NA,NA,,NA,NA,NA,NA,NA,NA,NA,NA,NA,NA
2023-02-03T13:15:28Z,1621497600804364300,1621497600804364288,"Las electrificadoras decidieron el camino del desafío a la sociedad colombiana. Nosotros decidimos el camino de la constitución y las leyes.

https://t.co/4iqnPYd9HF","Las electrificadoras decidieron el camino del desafío a la sociedad colombiana. Nosotros decidimos el camino de la constitución y las leyes.

https://t.co/4iqnPYd9HF",FALSE,,"<a href=""http://twitter.com/download/android"" rel=""nofollow"">Twitter for Android</a>",NA,NA,NA,NA,NA,,,,NA,FALSE,1446,3918,FALSE,NA,FALSE,NA,es,FALSE,NA,165,NA,,NA,NA,,NA,NA,NA,NA,NA,NA,NA,NA,NA,NA
2023-02-03T13:09:00Z,1621495973838028800,1621495973838028804,Solo queremos lo mejor posible para Bogotá dentro de nuestras posibilidades. Aceleraré mi viaje a China para buscar opciones con el gobierno de ese país en relación al metro de Bogotá. https://t.co/9RFNFKoLsx,Solo queremos lo mejor posible para Bogotá dentro de nuestras posibilidades. Aceleraré mi viaje a China para buscar opciones con el gobierno de ese país en relación al metro de Bogotá. https://t.co/9RFNFKoLsx,FALSE,,"<a href=""http://twitter.com/download/android"" rel=""nofollow"">Twitter for Android</a>",NA,NA,NA,NA,NA,,,,NA,TRUE,1625,5110,FALSE,NA,FALSE,NA,es,FALSE,NA,184,NA,,1621462088248959e3,1621462088248958976,,NA,NA,NA,NA,NA,NA,NA,NA,NA,NA
2023-02-03T13:05:31Z,1621495094418325500,1621495094418325506,El corazón del sistema es la fuerza de trabajo de la salud y los y las pacientes. https://t.co/T3ApB5m8J8,El corazón del sistema es la fuerza de trabajo de la salud y los y las pacientes. https://t.co/T3ApB5m8J8,FALSE,,"<a href=""http://twitter.com/download/android"" rel=""nofollow"">Twitter for Android</a>",NA,NA,NA,NA,NA,,,,NA,TRUE,952,3232,FALSE,NA,FALSE,NA,es,FALSE,NA,81,NA,,1621179389252878300,1621179389252878336,,NA,NA,NA,NA,NA,NA,NA,NA,NA,NA
2023-02-03T12:24:34Z,1621484791915765800,1621484791915765764,"Acompáñame este 14 de febrero. Que la salud sea para todo el pueblo colombiano, que la salud sea para Colombia.

Desde la plaza de Bolívar de Bogotá hablaré a Colombia reunida en todas las plazas públicas del país. Llegó el Cambio y sus reformas. https://t.co/4Mi3aChIZG","Acompáñame este 14 de febrero. Que la salud sea para todo el pueblo colombiano, que la salud sea para Colombia.

Desde la plaza de Bolívar de Bogotá hablaré a Colombia reunida en todas las plazas públicas del país. Llegó el Cambio y sus reformas. https://t.co/4Mi3aChIZG",FALSE,,"<a href=""http://twitter.com/download/android"" rel=""nofollow"">Twitter for Android</a>",NA,NA,NA,NA,NA,,,,NA,FALSE,7388,13589,FALSE,NA,FALSE,NA,es,FALSE,NA,246,NA,,NA,NA,,NA,NA,NA,NA,NA,NA,NA,NA,NA,NA
2023-02-02T16:43:18Z,162118751372433e4,1621187513724329984,Para que no quede duda que lo que vamos a presentar al Congreso lo aprobó el pueblo en las elecciones. Les presento el programa de gobierno inscrito en registraduría referente a la reforma a la salud. https://t.co/HuOp8SJHPo,Para que no quede duda que lo que vamos a presentar al Congreso lo aprobó el pueblo en las elecciones. Les presento el programa de gobierno inscrito en registraduría referente a la reforma a la salud. https://t.co/HuOp8SJHPo,FALSE,,"<a href=""http://twitter.com/download/android"" rel=""nofollow"">Twitter for Android</a>",1621187503171453e3,1621187503171452930,49849732,49849732,petrogustavo,,,,NA,FALSE,1155,2974,FALSE,NA,FALSE,NA,es,FALSE,NA,200,NA,,NA,NA,,NA,NA,NA,NA,NA,NA,NA,NA,NA,NA
2023-02-02T16:43:15Z,1621187503171453e3,1621187503171452930,"¿Qué tendrá nuestra prensa que busca a como de lugar sabotear la reforma a la salud que propone el gobierno?

Sacan borradores no oficiales y papeles viejos para tratar de detener reformas aprobadas por el pueblo en elecciones y que serán presentadas al Congreso. https://t.co/kAOpXGPGXK","¿Qué tendrá nuestra prensa que busca a como de lugar sabotear la reforma a la salud que propone el gobierno?

Sacan borradores no oficiales y papeles viejos para tratar de detener reformas aprobadas por el pueblo en elecciones y que serán presentadas al Congreso. https://t.co/kAOpXGPGXK",FALSE,,"<a href=""http://twitter.com/download/android"" rel=""nofollow"">Twitter for Android</a>",NA,NA,NA,NA,NA,,,,NA,TRUE,2067,5205,FALSE,NA,FALSE,NA,es,FALSE,NA,263,NA,,1621186317844365300,1621186317844365314,,NA,NA,NA,NA,NA,NA,NA,NA,NA,NA
2023-02-02T16:37:00Z,1621185931209330700,1621185931209330690,"Esta es la reforma a la salud inscrita en la registraduria cono nuestro programa de gobierno.

Por esta reforma votaron 11.500.000 colonbianos y colombianas.

Les vamos a cumplir. https://t.co/NiyL2OMUty","Esta es la reforma a la salud inscrita en la registraduria cono nuestro programa de gobierno.

Por esta reforma votaron 11.500.000 colonbianos y colombianas.

Les vamos a cumplir. https://t.co/NiyL2OMUty",FALSE,,"<a href=""http://twitter.com/download/android"" rel=""nofollow"">Twitter for Android</a>",NA,NA,NA,NA,NA,,,,NA,FALSE,4826,14983,FALSE,NA,FALSE,NA,es,FALSE,NA,179,NA,,NA,NA,,NA,NA,NA,NA,NA,NA,NA,NA,NA,NA
2023-02-02T14:52:26Z,1621159615219273700,1621159615219273728,"La reforma que se propone al pueblo busca fortalecer atención primaria y la prevención en todo el territorio nacional

Impide que el personal de salud sea explotado laboralmente

Establece el aseguramiento general d toda la población

Fortalece clínicas, hospitales y consultorios","La reforma que se propone al pueblo busca fortalecer atención primaria y la prevención en todo el territorio nacional

Impide que el personal de salud sea explotado laboralmente

Establece el aseguramiento general d toda la población

Fortalece clínicas, hospitales y consultorios",FALSE,,"<a href=""http://twitter.com/download/android"" rel=""nofollow"">Twitter for Android</a>",162115856643772e4,1621158566437720068,49849732,49849732,petrogustavo,,,,NA,FALSE,1404,3575,FALSE,NA,FALSE,NA,es,NA,NA,280,NA,,NA,NA,,NA,NA,NA,NA,NA,NA,NA,NA,NA,NA
2023-02-02T14:48:16Z,162115856643772e4,1621158566437720068,"¿Saben cual es el mayor problema de una encuesta de salud?

Que quienes murieron pudiendo ser atendidos y sobrevivir, no pueden ser encuestados.

En la franja de la población que pide el cambio, estan quienes pudieran morir sin ser atendidos.

¿Qué les decimos?","¿Saben cual es el mayor problema de una encuesta de salud?

Que quienes murieron pudiendo ser atendidos y sobrevivir, no pueden ser encuestados.

En la franja de la población que pide el cambio, estan quienes pudieran morir sin ser atendidos.

¿Qué les decimos?",FALSE,,"<a href=""http://twitter.com/download/android"" rel=""nofollow"">Twitter for Android</a>",NA,NA,NA,NA,NA,,,,NA,FALSE,4050,11283,FALSE,NA,FALSE,NA,es,NA,NA,261,NA,,NA,NA,,NA,NA,NA,NA,NA,NA,NA,NA,NA,NA
2023-02-02T14:33:00Z,1621154722882408400,1621154722882408449,"Esto no es cierto. Todas las semanas se hace consejo de ministros. Este no es extraordinario, sino normal y vamos a hablar del plan de desarrollo https://t.co/2phLUvgryg","Esto no es cierto. Todas las semanas se hace consejo de ministros. Este no es extraordinario, sino normal y vamos a hablar del plan de desarrollo https://t.co/2phLUvgryg",FALSE,,"<a href=""http://twitter.com/download/android"" rel=""nofollow"">Twitter for Android</a>",NA,NA,NA,NA,NA,,,,NA,TRUE,4358,13171,FALSE,NA,FALSE,NA,es,FALSE,NA,145,NA,,1621132060671737900,1621132060671737856,,NA,NA,NA,NA,NA,NA,NA,NA,NA,NA
2023-02-02T13:01:11Z,1621131618697224200,1621131618697224192,"Mauricio estas mostrando un cuadro cuya fuente es una petrolera.

Busca el cuadro de la Agencia Internacional de Energía, más neutral, y verás que se prevee una caída de demanda del 30% para el 2030.

Saldrán del mercado los crudos pesados más caros, entre esos estamos nosotros. https://t.co/xdvYj77U1r","Mauricio estas mostrando un cuadro cuya fuente es una petrolera.

Busca el cuadro de la Agencia Internacional de Energía, más neutral, y verás que se prevee una caída de demanda del 30% para el 2030.

Saldrán del mercado los crudos pesados más caros, entre esos estamos nosotros. https://t.co/xdvYj77U1r",FALSE,,"<a href=""http://twitter.com/download/android"" rel=""nofollow"">Twitter for Android</a>",NA,NA,NA,NA,NA,,,,NA,TRUE,1306,3104,FALSE,NA,FALSE,NA,es,FALSE,NA,279,NA,,1621129421926334500,1621129421926334464,,NA,NA,NA,NA,NA,NA,NA,NA,NA,NA
2023-02-02T12:39:56Z,1621126268505710600,1621126268505710592,Es el dinero de toda la nación el que se invertirá mayoritariamente en el metro de Bogotá y demandamos su mejor calidad  en favor de los y las usuarias y del vevindario por donde pasará. https://t.co/WHA8cYDb9g,Es el dinero de toda la nación el que se invertirá mayoritariamente en el metro de Bogotá y demandamos su mejor calidad  en favor de los y las usuarias y del vevindario por donde pasará. https://t.co/WHA8cYDb9g,FALSE,,"<a href=""http://twitter.com/download/android"" rel=""nofollow"">Twitter for Android</a>",NA,NA,NA,NA,NA,,,,NA,TRUE,1966,6461,FALSE,NA,FALSE,NA,es,FALSE,NA,186,NA,,1620753964084957200,1620753964084957185,,NA,NA,NA,NA,NA,NA,NA,NA,NA,NA
2023-02-02T11:45:10Z,1621112489164292e3,1621112489164292097,El aseguramiento social en salud se mantiene y se extiende a todos los colombianos y colombianas. El asegurador de última instancia siempre ha sido el estado y seguirá siendolo. https://t.co/WVEGGBqpxb,El aseguramiento social en salud se mantiene y se extiende a todos los colombianos y colombianas. El asegurador de última instancia siempre ha sido el estado y seguirá siendolo. https://t.co/WVEGGBqpxb,FALSE,,"<a href=""http://twitter.com/download/android"" rel=""nofollow"">Twitter for Android</a>",NA,NA,NA,NA,NA,,,,NA,TRUE,1261,2948,FALSE,NA,FALSE,NA,es,FALSE,NA,177,NA,,1621110345036333e3,1621110345036333057,,NA,NA,NA,NA,NA,NA,NA,NA,NA,NA
2023-02-02T11:39:39Z,1621111098094264300,1621111098094264321,"Por ejemplo podemos criticar que se haga una encuesta con la empresa cuyos propietarios son la familia del fundador de las EPS y la intermediación financiera privada en la salud, y preguntarle a la prensa por que no le dice eso a sus usuarios que tienen todo el derecho a saberlo","Por ejemplo podemos criticar que se haga una encuesta con la empresa cuyos propietarios son la familia del fundador de las EPS y la intermediación financiera privada en la salud, y preguntarle a la prensa por que no le dice eso a sus usuarios que tienen todo el derecho a saberlo",FALSE,,"<a href=""http://twitter.com/download/android"" rel=""nofollow"">Twitter for Android</a>",1621108594627453e3,1621108594627452928,49849732,49849732,petrogustavo,,,,NA,FALSE,4305,13354,FALSE,NA,FALSE,NA,es,NA,NA,279,NA,,NA,NA,,NA,NA,NA,NA,NA,NA,NA,NA,NA,NA
2023-02-02T11:29:42Z,1621108594627453e3,1621108594627452928,Soy tolerante con las críticas de los medios del establecimiento pero tengo todo el derecho a defenderme y a defender el programa del gobierno por el que las mayorías de la sociedad votaron. https://t.co/h2Tvg3CfQq,Soy tolerante con las críticas de los medios del establecimiento pero tengo todo el derecho a defenderme y a defender el programa del gobierno por el que las mayorías de la sociedad votaron. https://t.co/h2Tvg3CfQq,FALSE,,"<a href=""http://twitter.com/download/android"" rel=""nofollow"">Twitter for Android</a>",NA,NA,NA,NA,NA,,,,NA,TRUE,4773,15737,FALSE,NA,FALSE,NA,es,FALSE,NA,190,NA,,1621106939047383e3,1621106939047383040,,NA,NA,NA,NA,NA,NA,NA,NA,NA,NA
2023-02-02T11:22:28Z,1621106773280321500,1621106773280321537,"Estas son las cifras de la transición energética en Europa. El desplome de la demanda por carbón y petroleo comienza este año.
 https://t.co/TCbh88anMF","Estas son las cifras de la transición energética en Europa. El desplome de la demanda por carbón y petroleo comienza este año.
 https://t.co/TCbh88anMF",FALSE,,"<a href=""http://twitter.com/download/android"" rel=""nofollow"">Twitter for Android</a>",NA,NA,NA,NA,NA,,,,NA,FALSE,1621,4491,FALSE,NA,FALSE,NA,es,FALSE,NA,151,NA,,NA,NA,,NA,NA,NA,NA,NA,NA,NA,NA,NA,NA
2023-02-02T03:37:23Z,1620989731424145400,1620989731424145408,"Colombia potencia mundial de la Vida debe recuperar el equilibrio de la vida humana con la naturaleza en nuestro país.

La Cienaga Grande recibirá una fuerte inversión ambiental pensada en los más pobres.
  https://t.co/V6q2xi8d6l","Colombia potencia mundial de la Vida debe recuperar el equilibrio de la vida humana con la naturaleza en nuestro país.

La Cienaga Grande recibirá una fuerte inversión ambiental pensada en los más pobres.
  https://t.co/V6q2xi8d6l",FALSE,,"<a href=""http://twitter.com/download/android"" rel=""nofollow"">Twitter for Android</a>",NA,NA,NA,NA,NA,,,,NA,FALSE,951,2805,FALSE,NA,FALSE,NA,es,FALSE,NA,230,NA,,NA,NA,,NA,NA,NA,NA,NA,NA,NA,NA,NA,NA
2023-02-01T18:56:59Z,1620858770166513700,1620858770166513664,"Canadá hace este esfuerzo de descriminalización del consumo de drogas para disminuir el consumo por la vía de la prevención y la educación. Veremos sus resultados que puede ser el mejor para destruir el narcotráfico y reducir los consumos dañinos.

https://t.co/AEA5kltscv","Canadá hace este esfuerzo de descriminalización del consumo de drogas para disminuir el consumo por la vía de la prevención y la educación. Veremos sus resultados que puede ser el mejor para destruir el narcotráfico y reducir los consumos dañinos.

https://t.co/AEA5kltscv",FALSE,,"<a href=""http://twitter.com/download/android"" rel=""nofollow"">Twitter for Android</a>",NA,NA,NA,NA,NA,,,,NA,FALSE,892,2867,FALSE,NA,FALSE,NA,es,FALSE,NA,272,NA,,NA,NA,,NA,NA,NA,NA,NA,NA,NA,NA,NA,NA
2023-02-01T15:22:59Z,1620804915970060300,1620804915970060291,La diferencia es que a unos gobiernos le daban a los corruptos y asesinos embajadas y en el mio se van. https://t.co/OU9vH80fbL,La diferencia es que a unos gobiernos le daban a los corruptos y asesinos embajadas y en el mio se van. https://t.co/OU9vH80fbL,FALSE,,"<a href=""http://twitter.com/download/android"" rel=""nofollow"">Twitter for Android</a>",NA,NA,NA,NA,NA,,,,NA,TRUE,1320,3953,FALSE,NA,FALSE,NA,es,FALSE,NA,103,NA,,1620783961395036200,1620783961395036160,,NA,NA,NA,NA,NA,NA,NA,NA,NA,NA
2023-02-01T13:29:31Z,1620776359168721e3,1620776359168720897,"Reforma laboral busca que si usted lo quiere, pueda ser empleado a termino indefinido con estabilidad laboral con prestaciones sociales y no obligado a contratos de tres meses sin prestaciones

Busca que las horas extras se paguen con mayor salario.","Reforma laboral busca que si usted lo quiere, pueda ser empleado a termino indefinido con estabilidad laboral con prestaciones sociales y no obligado a contratos de tres meses sin prestaciones

Busca que las horas extras se paguen con mayor salario.",FALSE,,"<a href=""http://twitter.com/download/android"" rel=""nofollow"">Twitter for Android</a>",1620776356295618600,1620776356295618560,49849732,49849732,petrogustavo,,,,NA,FALSE,2062,5623,FALSE,NA,FALSE,NA,es,NA,NA,249,NA,,NA,NA,,NA,NA,NA,NA,NA,NA,NA,NA,NA,NA
2023-02-01T13:29:30Z,1620776356295618600,1620776356295618560,"Reforma pensional busca que usted al cumplir su edad de pensión y los requisitos de ley, tenga efectivamente una pensión cercana a sus últimos salarios en promedio y que si tiene conyuge sobreviviente tambien la tenga

Busca que los viejos de hoy todos tengan ingresos pensionales","Reforma pensional busca que usted al cumplir su edad de pensión y los requisitos de ley, tenga efectivamente una pensión cercana a sus últimos salarios en promedio y que si tiene conyuge sobreviviente tambien la tenga

Busca que los viejos de hoy todos tengan ingresos pensionales",FALSE,,"<a href=""http://twitter.com/download/android"" rel=""nofollow"">Twitter for Android</a>",1620774057154314200,1620774057154314240,49849732,49849732,petrogustavo,,,,NA,FALSE,1884,4836,FALSE,NA,FALSE,NA,es,NA,NA,280,NA,,NA,NA,,NA,NA,NA,NA,NA,NA,NA,NA,NA,NA
2023-02-01T13:20:22Z,1620774057154314200,1620774057154314240,"La reforma a la salud llevará medicos y medicas a cada hogar en el territorio colombiano para prevenir la enfermedad o curarla antes que sea tarde.

Su hogar y el del campesino recibirán las visitas rutinarias del equipo de salud familiar para su cuidado.","La reforma a la salud llevará medicos y medicas a cada hogar en el territorio colombiano para prevenir la enfermedad o curarla antes que sea tarde.

Su hogar y el del campesino recibirán las visitas rutinarias del equipo de salud familiar para su cuidado.",FALSE,,"<a href=""http://twitter.com/download/android"" rel=""nofollow"">Twitter for Android</a>",NA,NA,NA,NA,NA,,,,NA,FALSE,5443,16304,FALSE,NA,FALSE,NA,es,NA,NA,255,NA,,NA,NA,,NA,NA,NA,NA,NA,NA,NA,NA,NA,NA
2023-02-01T13:05:25Z,1620770295329214500,1620770295329214467,"La posibilidad de salvar la selva amazónica ya es una realidad en Colombia. Minambiente ha logrado éxitos inmensos.

En este año invertiremos 600.000 millones para revitalizar nuestra selva amazónica https://t.co/x4ltYB7S6O","La posibilidad de salvar la selva amazónica ya es una realidad en Colombia. Minambiente ha logrado éxitos inmensos.

En este año invertiremos 600.000 millones para revitalizar nuestra selva amazónica https://t.co/x4ltYB7S6O",FALSE,,"<a href=""http://twitter.com/download/android"" rel=""nofollow"">Twitter for Android</a>",NA,NA,NA,NA,NA,,,,NA,TRUE,619,1823,FALSE,NA,FALSE,NA,es,FALSE,NA,199,NA,,1620765507308634e3,1620765507308634112,,NA,NA,NA,NA,NA,NA,NA,NA,NA,NA
2023-02-01T12:52:59Z,1620767167900971e3,1620767167900971014,"Las mafias salen del estado o salen.
 https://t.co/cZqh4Hbtp0","Las mafias salen del estado o salen.
 https://t.co/cZqh4Hbtp0",FALSE,,"<a href=""http://twitter.com/download/android"" rel=""nofollow"">Twitter for Android</a>",NA,NA,NA,NA,NA,,,,NA,FALSE,1053,2573,FALSE,NA,FALSE,NA,es,FALSE,NA,61,NA,,NA,NA,,NA,NA,NA,NA,NA,NA,NA,NA,NA,NA
2023-02-01T12:39:34Z,1620763790588657700,1620763790588657664,"La potestad sancionatoria la tienen las autoridades de transporte incluso sobre el ciclista, de ahí a concluir prohibiciones es una desinformación de aquí a cafarnaum, y con una intensión: Desatar violencias sociales. https://t.co/KPZMmMn4W2","La potestad sancionatoria la tienen las autoridades de transporte incluso sobre el ciclista, de ahí a concluir prohibiciones es una desinformación de aquí a cafarnaum, y con una intensión: Desatar violencias sociales. https://t.co/KPZMmMn4W2",FALSE,,"<a href=""http://twitter.com/download/android"" rel=""nofollow"">Twitter for Android</a>",NA,NA,NA,NA,NA,,,,NA,TRUE,1123,2933,FALSE,NA,FALSE,NA,es,FALSE,NA,217,NA,,1620756513907429400,1620756513907429376,,NA,NA,NA,NA,NA,NA,NA,NA,NA,NA
2023-02-01T12:35:55Z,1620762872682020900,1620762872682020865,Condonamos las deudas de 315 personas que culminaron sus estudios de doctorado y ya no podían pagarlas. https://t.co/V9rvExkCvK,Condonamos las deudas de 315 personas que culminaron sus estudios de doctorado y ya no podían pagarlas. https://t.co/V9rvExkCvK,FALSE,,"<a href=""http://twitter.com/download/android"" rel=""nofollow"">Twitter for Android</a>",NA,NA,NA,NA,NA,,,,NA,TRUE,1071,2934,FALSE,NA,FALSE,NA,es,FALSE,NA,103,NA,,1620423958360379400,1620423958360379399,,NA,NA,NA,NA,NA,NA,NA,NA,NA,NA
2023-02-01T12:33:30Z,1620762263476146200,1620762263476146177,"Buscan enfrentar unos trabajadores contra otros trabajadores, con el fin que el caos no permita el clima pacífico para reformas sociales

Tanto las personas que trabajan en plataformas como los y las taxistas son personas que estan bajo sobrexplotación. https://t.co/IntyAyvGuJ","Buscan enfrentar unos trabajadores contra otros trabajadores, con el fin que el caos no permita el clima pacífico para reformas sociales

Tanto las personas que trabajan en plataformas como los y las taxistas son personas que estan bajo sobrexplotación. https://t.co/IntyAyvGuJ",FALSE,,"<a href=""http://twitter.com/download/android"" rel=""nofollow"">Twitter for Android</a>",NA,NA,NA,NA,NA,,,,NA,TRUE,2074,6401,FALSE,NA,FALSE,NA,es,FALSE,NA,253,NA,,1620585422870007800,1620585422870007808,,NA,NA,NA,NA,NA,NA,NA,NA,NA,NA
2023-02-01T01:57:28Z,1620602199897432e3,1620602199897432065,"Por ejemplo, Miguel, era delito en los EEUU escaparse de la esclavitud. Hasta tenía pena de muerte. Hoy eso no existe en EEUU

Nuestras cárceles estan llenas de campesinos cultivadores de canabis y hoja de coca, eso debería dejar se ser delito.","Por ejemplo, Miguel, era delito en los EEUU escaparse de la esclavitud. Hasta tenía pena de muerte. Hoy eso no existe en EEUU

Nuestras cárceles estan llenas de campesinos cultivadores de canabis y hoja de coca, eso debería dejar se ser delito.",FALSE,,"<a href=""http://twitter.com/download/android"" rel=""nofollow"">Twitter for Android</a>",1620602197397622800,1620602197397622784,49849732,49849732,petrogustavo,,,,NA,FALSE,1195,4563,FALSE,NA,FALSE,NA,es,NA,NA,244,NA,,NA,NA,,NA,NA,NA,NA,NA,NA,NA,NA,NA,NA
2023-02-01T01:57:27Z,1620602197397622800,1620602197397622784,"A veces la ignorancia de la historia aterra. Los delitos son históricos en su mayoría. Los delitos dependen de la historia de las sociedades. Por ejemplo:

Era delito la infidelidad de las mujeres y las mataban por ello. Eso dejó de ser delito en la mayor parte de la humanidad. https://t.co/BWnyXgb5OJ","A veces la ignorancia de la historia aterra. Los delitos son históricos en su mayoría. Los delitos dependen de la historia de las sociedades. Por ejemplo:

Era delito la infidelidad de las mujeres y las mataban por ello. Eso dejó de ser delito en la mayor parte de la humanidad. https://t.co/BWnyXgb5OJ",FALSE,,"<a href=""http://twitter.com/download/android"" rel=""nofollow"">Twitter for Android</a>",NA,NA,NA,NA,NA,,,,NA,TRUE,1326,4265,FALSE,NA,FALSE,NA,es,FALSE,NA,278,NA,,1.6204400654650081e+18,1620440065465008128,,NA,NA,NA,NA,NA,NA,NA,NA,NA,NA
2023-02-01T01:40:24Z,1620597906482008e3,1620597906482008064,"Pregunta: ¿la movilización de ayer en Bogotá, e incluso la violencia que allí se produjo, se originó en falsas informaciones de prensa sobre un borrador que no es política oficial de mi gobierno?

¿No es lo mismo de la época de la supuesta toma de conjuntos residenciales?","Pregunta: ¿la movilización de ayer en Bogotá, e incluso la violencia que allí se produjo, se originó en falsas informaciones de prensa sobre un borrador que no es política oficial de mi gobierno?

¿No es lo mismo de la época de la supuesta toma de conjuntos residenciales?",FALSE,,"<a href=""http://twitter.com/download/android"" rel=""nofollow"">Twitter for Android</a>",NA,NA,NA,NA,NA,,,,NA,FALSE,5225,14951,FALSE,NA,FALSE,NA,es,NA,NA,272,NA,,NA,NA,,NA,NA,NA,NA,NA,NA,NA,NA,NA,NA
2023-02-01T01:37:25Z,1620597152295846e3,1620597152295845888,"La primera dama fue con el maestro Zorro funcionario de mincultura, a ver el sistema orquestal venezolano en música clásica que tiene 45 años de existencia y es reconocido en el mundo.

Despegaremos en este año el sistema orquestal colombiano ligado a todo el sistema educativo https://t.co/vhY9UeOVQT","La primera dama fue con el maestro Zorro funcionario de mincultura, a ver el sistema orquestal venezolano en música clásica que tiene 45 años de existencia y es reconocido en el mundo.

Despegaremos en este año el sistema orquestal colombiano ligado a todo el sistema educativo https://t.co/vhY9UeOVQT",FALSE,,"<a href=""http://twitter.com/download/android"" rel=""nofollow"">Twitter for Android</a>",NA,NA,NA,NA,NA,,,,NA,TRUE,1082,3974,FALSE,NA,FALSE,NA,es,FALSE,NA,277,NA,,1620586727978180600,1620586727978180610,,NA,NA,NA,NA,NA,NA,NA,NA,NA,NA
2023-02-01T00:17:20Z,1620577001190101e3,1620577001190100992,"Espero demostrar en.el 2023 que a pesar de la crisis mundial y las altas tasa de interés impuestas, podremos tener una economía activa sobre la base de la inversión en energías limpias, la economía popular y el gasto público","Espero demostrar en.el 2023 que a pesar de la crisis mundial y las altas tasa de interés impuestas, podremos tener una economía activa sobre la base de la inversión en energías limpias, la economía popular y el gasto público",FALSE,,"<a href=""http://twitter.com/download/android"" rel=""nofollow"">Twitter for Android</a>",1620576998065344500,1620576998065344516,49849732,49849732,petrogustavo,,,,NA,FALSE,784,2336,FALSE,NA,FALSE,NA,es,NA,NA,224,NA,,NA,NA,,NA,NA,NA,NA,NA,NA,NA,NA,NA,NA
2023-02-01T00:17:19Z,1620576998065344500,1620576998065344516,"Con todo el.respeto que me merecen mis opositores, pero estos indicadores demuestran que el país está mejor que hace un año.","Con todo el.respeto que me merecen mis opositores, pero estos indicadores demuestran que el país está mejor que hace un año.",FALSE,,"<a href=""http://twitter.com/download/android"" rel=""nofollow"">Twitter for Android</a>",1620562276578373600,1620562276578373633,49849732,49849732,petrogustavo,,,,NA,FALSE,995,3125,FALSE,NA,FALSE,NA,es,NA,NA,124,NA,,NA,NA,,NA,NA,NA,NA,NA,NA,NA,NA,NA,NA
2023-01-31T23:18:49Z,1620562276578373600,1620562276578373633,"Los datos económicos del último mes del año 2022 son buenos.

Frente a hace un año, aumenta la tasa global de participación, aumenta la tasa de participación y disminuye el desempleo. https://t.co/eAf1wEg7dS","Los datos económicos del último mes del año 2022 son buenos.

Frente a hace un año, aumenta la tasa global de participación, aumenta la tasa de participación y disminuye el desempleo. https://t.co/eAf1wEg7dS",FALSE,,"<a href=""http://twitter.com/download/android"" rel=""nofollow"">Twitter for Android</a>",NA,NA,NA,NA,NA,,,,NA,FALSE,1671,4561,FALSE,NA,FALSE,NA,es,FALSE,NA,183,NA,,NA,NA,,NA,NA,NA,NA,NA,NA,NA,NA,NA,NA
2023-01-31T16:56:03Z,1620465950083661800,1620465950083661824,"De hecho casi todos los ministros de minas han cometido el mismo error matemático. No es lo mismo la aritmética que la estadística. La prensa repite ese error a diario. Todo dato sobre reservas, hasta las más probadas, son probabilidades","De hecho casi todos los ministros de minas han cometido el mismo error matemático. No es lo mismo la aritmética que la estadística. La prensa repite ese error a diario. Todo dato sobre reservas, hasta las más probadas, son probabilidades",FALSE,,"<a href=""http://twitter.com/download/android"" rel=""nofollow"">Twitter for Android</a>",1620465945432178700,1620465945432178688,49849732,49849732,petrogustavo,,,,NA,FALSE,859,2768,FALSE,NA,FALSE,NA,es,NA,NA,237,NA,,NA,NA,,NA,NA,NA,NA,NA,NA,NA,NA,NA,NA
2023-01-31T16:56:02Z,1620465945432178700,1620465945432178688,"Este es el tipo de ceguera mental de nuestros críticos. Ojalá no todos. A la ministra no se le critica por bombardear niños o robarse o dejar robar los dineros públicos, se le critica porque dio como certeza un resultado que es una agregación de probabilidades. https://t.co/4QK9bN4WNj","Este es el tipo de ceguera mental de nuestros críticos. Ojalá no todos. A la ministra no se le critica por bombardear niños o robarse o dejar robar los dineros públicos, se le critica porque dio como certeza un resultado que es una agregación de probabilidades. https://t.co/4QK9bN4WNj",FALSE,,"<a href=""http://twitter.com/download/android"" rel=""nofollow"">Twitter for Android</a>",NA,NA,NA,NA,NA,,,,NA,TRUE,1507,4132,FALSE,NA,FALSE,NA,es,FALSE,NA,261,NA,,1620359447376965600,1620359447376965632,,NA,NA,NA,NA,NA,NA,NA,NA,NA,NA
2023-01-31T16:41:25Z,1620462267518300200,1620462267518300161,!Aja!  Al menos que la niña se salve. https://t.co/FgJlAyhTl6,!Aja!  Al menos que la niña se salve. https://t.co/FgJlAyhTl6,FALSE,,"<a href=""http://twitter.com/download/android"" rel=""nofollow"">Twitter for Android</a>",NA,NA,NA,NA,NA,,,,NA,TRUE,620,2141,FALSE,NA,FALSE,NA,es,FALSE,NA,37,NA,,1619432662640492500,1619432662640492544,,NA,NA,NA,NA,NA,NA,NA,NA,NA,NA
2023-01-31T14:59:59Z,1620436740225007600,1620436740225007616,"Esto le pasa a nuestros funcionarios cuando luchan contra la corrupción. La UNP, entidad que protege la vida de miles de colombianos, por su labor delicada, debe estar libre completamente de carteles de la contratación. https://t.co/Pbqnqvdwq4","Esto le pasa a nuestros funcionarios cuando luchan contra la corrupción. La UNP, entidad que protege la vida de miles de colombianos, por su labor delicada, debe estar libre completamente de carteles de la contratación. https://t.co/Pbqnqvdwq4",FALSE,,"<a href=""http://twitter.com/download/android"" rel=""nofollow"">Twitter for Android</a>",NA,NA,NA,NA,NA,,,,NA,TRUE,793,1802,FALSE,NA,FALSE,NA,es,FALSE,NA,219,NA,,1620162224840134700,1620162224840134659,,NA,NA,NA,NA,NA,NA,NA,NA,NA,NA
2023-01-31T14:52:32Z,1620434865257853e3,1620434865257852928,"Senadora yo solo use una ley de su presidente favorito con una diferencia, él la uso para negociar con los peores delincuentes en ese momento y yo, para sacar unoa jovenes de las cárceles porque protestaban por las medidas de otro de sus presidentes favoritos https://t.co/sbCq42KHZj","Senadora yo solo use una ley de su presidente favorito con una diferencia, él la uso para negociar con los peores delincuentes en ese momento y yo, para sacar unoa jovenes de las cárceles porque protestaban por las medidas de otro de sus presidentes favoritos https://t.co/sbCq42KHZj",FALSE,,"<a href=""http://twitter.com/download/android"" rel=""nofollow"">Twitter for Android</a>",NA,NA,NA,NA,NA,,,,NA,TRUE,2596,8063,FALSE,NA,FALSE,NA,es,FALSE,NA,259,NA,,1620415889383506e3,1620415889383505921,,NA,NA,NA,NA,NA,NA,NA,NA,NA,NA
2023-01-31T14:06:27Z,1620423266707050500,1620423266707050496,"Todo integrante de la policía a pesar de la presión que pueda surgir, como ver a un compañero atropellado, debe autocontrolarse. Su actuación siempre debe estar bajo la ley y la constitución; en eso consiste su profesionalismo. https://t.co/tSbRuSAd5E","Todo integrante de la policía a pesar de la presión que pueda surgir, como ver a un compañero atropellado, debe autocontrolarse. Su actuación siempre debe estar bajo la ley y la constitución; en eso consiste su profesionalismo. https://t.co/tSbRuSAd5E",FALSE,,"<a href=""http://twitter.com/download/android"" rel=""nofollow"">Twitter for Android</a>",NA,NA,NA,NA,NA,,,,NA,TRUE,2243,10158,FALSE,NA,FALSE,NA,es,FALSE,NA,227,NA,,1620415766238756900,1620415766238756864,,NA,NA,NA,NA,NA,NA,NA,NA,NA,NA
2023-01-31T13:07:23Z,1620408402139836400,1620408402139836416,"El 69% de los casos de mujeres que mueren en estado de embarazo por causas remediables se da en el régimen subsidiado de salud lo que refuerza nuestra tesis que las EPS, las intermediarias de la salud, a pesar de recibir los recursos no hacen ni prevención ni atención primaria","El 69% de los casos de mujeres que mueren en estado de embarazo por causas remediables se da en el régimen subsidiado de salud lo que refuerza nuestra tesis que las EPS, las intermediarias de la salud, a pesar de recibir los recursos no hacen ni prevención ni atención primaria",FALSE,,"<a href=""http://twitter.com/download/android"" rel=""nofollow"">Twitter for Android</a>",1620408398838902800,1620408398838902784,49849732,49849732,petrogustavo,,,,NA,FALSE,534,1463,FALSE,NA,FALSE,NA,es,NA,NA,277,NA,,NA,NA,,NA,NA,NA,NA,NA,NA,NA,NA,NA,NA
2023-01-31T13:07:22Z,1620408398838902800,1620408398838902784,"Por ejemplo Antioquia hasta la semana 32 tuvo 17 muertes y una razón de 41,2 y entre la 33 y la 52 que duró el plan bajo a 3 muertes y una razón de 11. En Guajira cuando llegamos ya venían 14 muertes y una razon de 105 y durante el plan bajó a 7 con razón de 78.","Por ejemplo Antioquia hasta la semana 32 tuvo 17 muertes y una razón de 41,2 y entre la 33 y la 52 que duró el plan bajo a 3 muertes y una razón de 11. En Guajira cuando llegamos ya venían 14 muertes y una razon de 105 y durante el plan bajó a 7 con razón de 78.",FALSE,,"<a href=""http://twitter.com/download/android"" rel=""nofollow"">Twitter for Android</a>",1620408395789631500,1620408395789631489,49849732,49849732,petrogustavo,,,,NA,FALSE,362,1100,FALSE,NA,FALSE,NA,es,NA,NA,262,NA,,NA,NA,,NA,NA,NA,NA,NA,NA,NA,NA,NA,NA
2023-01-31T13:07:21Z,1620408395789631500,1620408395789631489,"Este fue el plan:

1. Desplegar 10 asesores en las regiones con mayor mortalidad,  2. Acción de Superintendencia sobre todos los actores que no cumplían obligaciones 3. Reunión durante 16 jueves con los responsables de EPS, IPS, secretarías de salud. 4. Participó OPS y UNFPA","Este fue el plan:

1. Desplegar 10 asesores en las regiones con mayor mortalidad,  2. Acción de Superintendencia sobre todos los actores que no cumplían obligaciones 3. Reunión durante 16 jueves con los responsables de EPS, IPS, secretarías de salud. 4. Participó OPS y UNFPA",FALSE,,"<a href=""http://twitter.com/download/android"" rel=""nofollow"">Twitter for Android</a>",1620408391503061e3,1620408391503060994,49849732,49849732,petrogustavo,,,,NA,FALSE,253,763,FALSE,NA,FALSE,NA,es,NA,NA,275,NA,,NA,NA,,NA,NA,NA,NA,NA,NA,NA,NA,NA,NA
2023-01-31T13:07:20Z,1620408391503061e3,1620408391503060994,"Dicen que no es claro que sea por la gestión del actual gobierno, pero el noticiero no investiga solo quiere dejar la sensación de cifras no ciertas.

Estas son las cifras por semana. Mi gobierno empieza en la 33 semana del año https://t.co/YvcjQwF6XX","Dicen que no es claro que sea por la gestión del actual gobierno, pero el noticiero no investiga solo quiere dejar la sensación de cifras no ciertas.

Estas son las cifras por semana. Mi gobierno empieza en la 33 semana del año https://t.co/YvcjQwF6XX",FALSE,,"<a href=""http://twitter.com/download/android"" rel=""nofollow"">Twitter for Android</a>",1620408378710438e3,1620408378710437889,49849732,49849732,petrogustavo,,,,NA,FALSE,332,934,FALSE,NA,FALSE,NA,es,FALSE,NA,227,NA,,NA,NA,,NA,NA,NA,NA,NA,NA,NA,NA,NA,NA
2023-01-31T13:07:17Z,1620408378710438e3,1620408378710437889,"Este es el cuadro que les preocupa, como ven son cifras preliminares, lo dice el cuadro, tiene en el eje horizontal tanto la razón de mortalidad como el número de casos, y no se compara solo con los años covid sino con el 2018 y 2019.

La razón y el número de casos ha disminuido.","Este es el cuadro que les preocupa, como ven son cifras preliminares, lo dice el cuadro, tiene en el eje horizontal tanto la razón de mortalidad como el número de casos, y no se compara solo con los años covid sino con el 2018 y 2019.

La razón y el número de casos ha disminuido.",FALSE,,"<a href=""http://twitter.com/download/android"" rel=""nofollow"">Twitter for Android</a>",1620408374360940500,1620408374360940546,49849732,49849732,petrogustavo,,,,NA,FALSE,284,902,FALSE,NA,FALSE,NA,es,NA,NA,280,NA,,NA,NA,,NA,NA,NA,NA,NA,NA,NA,NA,NA,NA
2023-01-31T13:07:16Z,1620408374360940500,1620408374360940546,https://t.co/rQKBLEknR6,https://t.co/rQKBLEknR6,FALSE,,"<a href=""http://twitter.com/download/android"" rel=""nofollow"">Twitter for Android</a>",1620408364969898e3,1620408364969897986,49849732,49849732,petrogustavo,,,,NA,FALSE,193,647,FALSE,NA,FALSE,NA,zxx,FALSE,NA,0,NA,,NA,NA,,NA,NA,NA,NA,NA,NA,NA,NA,NA,NA
2023-01-31T13:07:14Z,1620408364969898e3,1620408364969897986,Vamos a analizar esta información donde se pone en duda nuestras afirmaciones sobre un logro de la política de salud pública del distrito que contó con un plan de choque en los últimos meses: la disminución de la mortalidad materna. https://t.co/Mst0HyBTm4,Vamos a analizar esta información donde se pone en duda nuestras afirmaciones sobre un logro de la política de salud pública del distrito que contó con un plan de choque en los últimos meses: la disminución de la mortalidad materna. https://t.co/Mst0HyBTm4,FALSE,,"<a href=""http://twitter.com/download/android"" rel=""nofollow"">Twitter for Android</a>",NA,NA,NA,NA,NA,,,,NA,TRUE,1087,2923,FALSE,NA,FALSE,NA,es,FALSE,NA,232,NA,,1620214453135351800,1620214453135351808,,NA,NA,NA,NA,NA,NA,NA,NA,NA,NA
2023-01-31T04:11:06Z,16202734440291e5,1620273444029100032,"Este proyecto es el que podrá sacar las energías limpias de la Guajira tanto de empresas como de las comunidades Wayúu a la red de transmisión eléctrica nacional.
 https://t.co/VelZ8aPbn2","Este proyecto es el que podrá sacar las energías limpias de la Guajira tanto de empresas como de las comunidades Wayúu a la red de transmisión eléctrica nacional.
 https://t.co/VelZ8aPbn2",FALSE,,"<a href=""http://twitter.com/download/android"" rel=""nofollow"">Twitter for Android</a>",NA,NA,NA,NA,NA,,,,NA,FALSE,947,2758,FALSE,NA,FALSE,NA,es,FALSE,NA,187,NA,,NA,NA,,NA,NA,NA,NA,NA,NA,NA,NA,NA,NA
2023-01-30T15:42:20Z,162008501076113e4,1620085010761129984,"La guerra contra el campesinado no debe continuar.

Por eso cambié la estrategia antidrogas.

No es fumigando y matando campesinos; es con la captura a los empresarios del narcotráfico y con una eficaz interdicción
 https://t.co/7wpuFtx2SU","La guerra contra el campesinado no debe continuar.

Por eso cambié la estrategia antidrogas.

No es fumigando y matando campesinos; es con la captura a los empresarios del narcotráfico y con una eficaz interdicción
 https://t.co/7wpuFtx2SU",FALSE,,"<a href=""http://twitter.com/download/android"" rel=""nofollow"">Twitter for Android</a>",NA,NA,NA,NA,NA,,,,NA,FALSE,1599,3943,FALSE,NA,FALSE,NA,es,FALSE,NA,239,NA,,NA,NA,,NA,NA,NA,NA,NA,NA,NA,NA,NA,NA
2023-01-30T15:25:23Z,1620080741672689700,1620080741672689664,"Lo dije cuando se discutio esta ley, el hidrógeno azul es una trampa a la transición energética.

Surge del interés de seguir haciendo uso del carbón y del petroleo. El hidrogeno nos sirve solo si es verde, es decir, extraido con energias limpias.
 https://t.co/eUHq817vsz","Lo dije cuando se discutio esta ley, el hidrógeno azul es una trampa a la transición energética.

Surge del interés de seguir haciendo uso del carbón y del petroleo. El hidrogeno nos sirve solo si es verde, es decir, extraido con energias limpias.
 https://t.co/eUHq817vsz",FALSE,,"<a href=""http://twitter.com/download/android"" rel=""nofollow"">Twitter for Android</a>",NA,NA,NA,NA,NA,,,,NA,FALSE,921,2309,FALSE,NA,FALSE,NA,es,FALSE,NA,272,NA,,NA,NA,,NA,NA,NA,NA,NA,NA,NA,NA,NA,NA
2023-01-30T14:02:33Z,1620059899677016e3,1620059899677016064,Muy bien. https://t.co/PbTJRYcXFl,Muy bien. https://t.co/PbTJRYcXFl,FALSE,,"<a href=""http://twitter.com/download/android"" rel=""nofollow"">Twitter for Android</a>",NA,NA,NA,NA,NA,,,,NA,TRUE,397,2432,FALSE,NA,FALSE,NA,es,FALSE,NA,9,NA,,1620052187438268400,1620052187438268416,,NA,NA,NA,NA,NA,NA,NA,NA,NA,NA
2023-01-30T13:43:12Z,1620055028915634200,1620055028915634178,"He propuesto un pacto de paz que no solo es con grupos armados, sino con esa sociedad de los privilegios para que permitan las reformas que marquen un camino de mayor justicia social. Esa es la paz.

Aun la mano está tendida. Pero no piensen que este gobierno se arrodilla.","He propuesto un pacto de paz que no solo es con grupos armados, sino con esa sociedad de los privilegios para que permitan las reformas que marquen un camino de mayor justicia social. Esa es la paz.

Aun la mano está tendida. Pero no piensen que este gobierno se arrodilla.",FALSE,,"<a href=""http://twitter.com/download/android"" rel=""nofollow"">Twitter for Android</a>",1620055025384046600,1620055025384046592,49849732,49849732,petrogustavo,,,,NA,FALSE,1754,4508,FALSE,NA,FALSE,NA,es,NA,NA,273,NA,,NA,NA,,NA,NA,NA,NA,NA,NA,NA,NA,NA,NA
2023-01-30T13:43:11Z,1620055025384046600,1620055025384046592,"La justicia internacional se creo cuando los estados no son capaces de juzgar los peores delitos: los crímenes contra la humanidad.

Este gobierno apoyará la justicia nacional e internacional contra la impunidad","La justicia internacional se creo cuando los estados no son capaces de juzgar los peores delitos: los crímenes contra la humanidad.

Este gobierno apoyará la justicia nacional e internacional contra la impunidad",FALSE,,"<a href=""http://twitter.com/download/android"" rel=""nofollow"">Twitter for Android</a>",1620055023223976e3,1620055023223975937,49849732,49849732,petrogustavo,,,,NA,FALSE,1210,3489,FALSE,NA,FALSE,NA,es,NA,NA,211,NA,,NA,NA,,NA,NA,NA,NA,NA,NA,NA,NA,NA,NA
2023-01-30T13:43:11Z,1620055023223976e3,1620055023223975937,"Hoy un tribunal de justicia de caracter americano dirá que el Estado ayudó a asesinar a miles de militantes de un partido político, solo porque era de izquierda.

Un Estado asesino que no debe retornar más, una sociedad de privilegios que asesina antes que permitir el cambio","Hoy un tribunal de justicia de caracter americano dirá que el Estado ayudó a asesinar a miles de militantes de un partido político, solo porque era de izquierda.

Un Estado asesino que no debe retornar más, una sociedad de privilegios que asesina antes que permitir el cambio",FALSE,,"<a href=""http://twitter.com/download/android"" rel=""nofollow"">Twitter for Android</a>",NA,NA,NA,NA,NA,,,,NA,FALSE,4040,10196,FALSE,NA,FALSE,NA,es,NA,NA,275,NA,,NA,NA,,NA,NA,NA,NA,NA,NA,NA,NA,NA,NA
2023-01-30T13:25:05Z,1620050467450687500,1620050467450687488,Y vamos en que una ministra propone transición energética y la administración de los contratos de exploración vigentes para que no haya especulación y otra permite que se pierdan 70.000 millones de pesos y sobre cual creen ustedes que la prensa del establecimiento exige censura?,Y vamos en que una ministra propone transición energética y la administración de los contratos de exploración vigentes para que no haya especulación y otra permite que se pierdan 70.000 millones de pesos y sobre cual creen ustedes que la prensa del establecimiento exige censura?,FALSE,,"<a href=""http://twitter.com/download/android"" rel=""nofollow"">Twitter for Android</a>",NA,NA,NA,NA,NA,,,,NA,FALSE,6097,18465,FALSE,NA,FALSE,NA,es,NA,NA,279,NA,,NA,NA,,NA,NA,NA,NA,NA,NA,NA,NA,NA,NA
2023-01-30T13:12:25Z,1620047282187157500,1620047282187157505,"Cae media tonelada más de Cocaína. La armada nacional jugada con la interdicción como nuestra estrategia fundamental.
  https://t.co/GE2pigLUPr","Cae media tonelada más de Cocaína. La armada nacional jugada con la interdicción como nuestra estrategia fundamental.
  https://t.co/GE2pigLUPr",FALSE,,"<a href=""http://twitter.com/download/android"" rel=""nofollow"">Twitter for Android</a>",NA,NA,NA,NA,NA,,,,NA,FALSE,1807,5150,FALSE,NA,FALSE,NA,es,FALSE,NA,143,NA,,NA,NA,,NA,NA,NA,NA,NA,NA,NA,NA,NA,NA
2023-01-30T12:45:30Z,1620040507496996900,1620040507496996865,"¿Se sorprenden que el progresismo tenga tambien tanques de pensamiento?

La Corporación Sur ha sido central en la construcción del programa del cambio.

Nosotros no repetimos mentalidades de colonia, nosotros pensamos https://t.co/wYnZjWN8J1","¿Se sorprenden que el progresismo tenga tambien tanques de pensamiento?

La Corporación Sur ha sido central en la construcción del programa del cambio.

Nosotros no repetimos mentalidades de colonia, nosotros pensamos https://t.co/wYnZjWN8J1",FALSE,,"<a href=""http://twitter.com/download/android"" rel=""nofollow"">Twitter for Android</a>",NA,NA,NA,NA,NA,,,,NA,TRUE,1027,2961,FALSE,NA,FALSE,NA,es,FALSE,NA,217,NA,,1620034825234047e3,1620034825234046977,,NA,NA,NA,NA,NA,NA,NA,NA,NA,NA
2023-01-30T03:37:21Z,1619902561762566100,1619902561762566145,"La rigurosidad de Carrasquilla, o de Abudinem, o la que utilizaron en los OCAD, la rigurosidad para levantar la ley de garantías, o para disminuir el crecimiento de los recursos para la educación, la rigurosidad para disminuir las horas extras laborales y la estabilidad laboral https://t.co/J0fhaty3h5","La rigurosidad de Carrasquilla, o de Abudinem, o la que utilizaron en los OCAD, la rigurosidad para levantar la ley de garantías, o para disminuir el crecimiento de los recursos para la educación, la rigurosidad para disminuir las horas extras laborales y la estabilidad laboral https://t.co/J0fhaty3h5",FALSE,,"<a href=""http://twitter.com/download/android"" rel=""nofollow"">Twitter for Android</a>",NA,NA,NA,NA,NA,,,,NA,TRUE,2762,7484,FALSE,NA,FALSE,NA,es,FALSE,NA,278,NA,,1619872668123271200,1619872668123271168,,NA,NA,NA,NA,NA,NA,NA,NA,NA,NA
2023-01-29T22:16:31Z,1619821821674795e3,1619821821674795012,2. Lograr que los recursos públicos se administren por entidades públicas.,2. Lograr que los recursos públicos se administren por entidades públicas.,FALSE,,"<a href=""http://twitter.com/download/android"" rel=""nofollow"">Twitter for Android</a>",1619821808022339600,1619821808022339584,49849732,49849732,petrogustavo,,,,NA,FALSE,690,2247,FALSE,NA,FALSE,NA,es,NA,NA,74,NA,,NA,NA,,NA,NA,NA,NA,NA,NA,NA,NA,NA,NA
2023-01-29T22:16:28Z,1619821808022339600,1619821808022339584,"Esta es una demostración de lo que hace un sistema que fortalezca la atención primaria.

Este es uno de los tres objetivos fundamentales de la reforma a la salud que proponemos, los otros dos son:

1. Mejorar la estabilidad laboral de los y las trabajadoras de la salud, y:","Esta es una demostración de lo que hace un sistema que fortalezca la atención primaria.

Este es uno de los tres objetivos fundamentales de la reforma a la salud que proponemos, los otros dos son:

1. Mejorar la estabilidad laboral de los y las trabajadoras de la salud, y:",FALSE,,"<a href=""http://twitter.com/download/android"" rel=""nofollow"">Twitter for Android</a>",1619821805254094800,1619821805254094848,49849732,49849732,petrogustavo,,,,NA,FALSE,677,2216,FALSE,NA,FALSE,NA,es,NA,NA,273,NA,,NA,NA,,NA,NA,NA,NA,NA,NA,NA,NA,NA,NA
2023-01-29T22:16:27Z,1619821805254094800,1619821805254094848,"Este es uno de los mejores éxitos de mi gobierno al reducir en 4 meses con un plan de choque la tasa de mortalidad materna, uno de los indicadores fundamentales, de la salud.

Se hizo con salud pública. Después de deteriorarse, tenemos la menor tasa en 5 años. https://t.co/XIZUJLdfRH","Este es uno de los mejores éxitos de mi gobierno al reducir en 4 meses con un plan de choque la tasa de mortalidad materna, uno de los indicadores fundamentales, de la salud.

Se hizo con salud pública. Después de deteriorarse, tenemos la menor tasa en 5 años. https://t.co/XIZUJLdfRH",FALSE,,"<a href=""http://twitter.com/download/android"" rel=""nofollow"">Twitter for Android</a>",NA,NA,NA,NA,NA,,,,NA,FALSE,2675,8472,FALSE,NA,FALSE,NA,es,FALSE,NA,260,NA,,NA,NA,,NA,NA,NA,NA,NA,NA,NA,NA,NA,NA
2023-01-29T20:45:36Z,1619798942467887e3,1619798942467887107,"Cuando cojen lo público.para hacer negocios de particulares dicen que es técnica y cuando se afirma que lo público lo debe administrar lo público, dicen que es ideología. https://t.co/4UzeqYfzeY","Cuando cojen lo público.para hacer negocios de particulares dicen que es técnica y cuando se afirma que lo público lo debe administrar lo público, dicen que es ideología. https://t.co/4UzeqYfzeY",FALSE,,"<a href=""http://twitter.com/download/android"" rel=""nofollow"">Twitter for Android</a>",NA,NA,NA,NA,NA,,,,NA,TRUE,1767,4794,FALSE,NA,FALSE,NA,es,FALSE,NA,170,NA,,1619792610230501400,1619792610230501377,,NA,NA,NA,NA,NA,NA,NA,NA,NA,NA
2023-01-29T20:39:19Z,1619797360875573200,1619797360875573248,"Pareciera https://t.co/saMtaQ05bR crisis climática no existe, que las 27 COP de Naciones Unidas fueran para nada. Que no hay peligro para la vida en el planeta.

Es el negacionismo que quiere imponer la codicia sobre la Ciencia y la verdad. https://t.co/xZOmduF1Zf","Pareciera https://t.co/saMtaQ05bR crisis climática no existe, que las 27 COP de Naciones Unidas fueran para nada. Que no hay peligro para la vida en el planeta.

Es el negacionismo que quiere imponer la codicia sobre la Ciencia y la verdad. https://t.co/xZOmduF1Zf",FALSE,,"<a href=""http://twitter.com/download/android"" rel=""nofollow"">Twitter for Android</a>",NA,NA,NA,NA,NA,,,,NA,TRUE,642,1974,FALSE,NA,FALSE,NA,es,FALSE,NA,240,NA,,1619795925937057800,1619795925937057793,,NA,NA,NA,NA,NA,NA,NA,NA,NA,NA
2023-01-29T20:33:37Z,1619795925937057800,1619795925937057793,https://t.co/gtQ5uPhtvq https://t.co/9Z3cnysVVt,https://t.co/gtQ5uPhtvq https://t.co/9Z3cnysVVt,FALSE,,"<a href=""http://twitter.com/download/android"" rel=""nofollow"">Twitter for Android</a>",NA,NA,NA,NA,NA,,,,NA,TRUE,293,838,FALSE,NA,FALSE,NA,zxx,FALSE,NA,23,NA,,1619655387447173e3,1619655387447173121,,NA,NA,NA,NA,NA,NA,NA,NA,NA,NA
2023-01-29T15:19:03Z,1619716760843976700,1619716760843976704,De este debate publicado se pasó a una redacción preliminar de reforma de la ley 100 para basar el sistema de salud en un modelo de prevención y atención primaria que se prioriza tal como lo indica los convenios internacionales.,De este debate publicado se pasó a una redacción preliminar de reforma de la ley 100 para basar el sistema de salud en un modelo de prevención y atención primaria que se prioriza tal como lo indica los convenios internacionales.,FALSE,,"<a href=""http://twitter.com/download/android"" rel=""nofollow"">Twitter for Android</a>",1619715969659859e3,1619715969659858949,49849732,49849732,petrogustavo,,,,NA,FALSE,549,1680,FALSE,NA,FALSE,NA,es,NA,NA,228,NA,,NA,NA,,NA,NA,NA,NA,NA,NA,NA,NA,NA,NA
